,xp,yp,life
0,2.307116,-0.009628,1
1,2.615252,0.010457,1
3,3.415152,0.001695,2
5,3.708482,-0.020409,1
6,2.944486,0.035967,1
8,2.587878,0.03413,1
10,1.239108,-0.0457,1
12,3.457656,0.012895,4
13,3.921398,0.008669,2
14,1.195758,-0.054582,3
15,3.827775,-0.036139,1
16,2.557875,0.039804,1
17,2.964618,0.037608,1
19,3.983997,-0.009067,7
21,2.56869,0.028799,1
22,2.891517,0.030004,1
23,1.548749,-0.021039,2
24,1.969503,0.027134,1
27,4.009675,0.0027,7
29,3.724501,-0.008254,2
30,1.25747,-0.056109,1
33,1.302624,-0.060899,1
34,3.357048,0.016759,1
35,2.769812,0.0526,1
36,2.318918,-0.010071,3
37,1.1181,-0.065636,4
38,1.929005,0.002333,5
39,2.817948,0.045222,1
40,2.947079,0.052165,3
41,2.62722,0.034124,3
42,1.502281,-0.040323,4
43,1.286445,-0.049199,2
44,3.171876,0.017694,4
45,3.107201,0.025244,2
46,1.333958,-0.046723,2
48,1.882424,0.015676,3
49,3.567488,0.011011,4
50,2.166175,-0.005263,4
51,2.547762,0.01076,1
52,2.307116,-0.009628,4
54,3.805768,-0.013525,1
55,2.226696,0.002829,2
56,1.783832,0.024873,1
57,3.46822,0.02196,1
58,1.822496,0.024556,1
59,1.607174,-0.03003,4
60,1.129276,-0.060696,4
61,3.676772,-0.011253,6
62,1.25747,-0.056109,1
64,3.429441,3.8e-05,2
66,3.708482,-0.020409,5
67,2.263239,-0.01107,4
68,2.024439,-0.018814,1
69,3.827775,-0.036139,5
70,1.77721,0.002664,3
71,3.691955,-0.024986,1
72,3.415152,0.001695,2
73,3.839926,-0.036006,5
74,2.221975,-0.008806,5
75,3.201266,0.023684,4
76,1.350723,-0.036349,4
78,1.377665,-0.038237,5
79,1.649137,-0.033046,1
80,2.557875,0.039804,3
81,2.870018,0.053449,2
82,3.257561,0.01046,3
83,1.766806,0.000863,2
84,2.835077,0.043194,5
87,1.239108,-0.0457,1
88,2.76915,0.039141,7
89,2.318918,-0.010071,4
90,2.062577,-0.002479,2
91,3.46822,0.02196,1
92,2.106583,-0.019049,4
93,3.724501,-0.008254,1
94,2.040003,-0.010849,5
96,1.25747,-0.056109,4
97,1.882424,0.015676,4
98,3.357048,0.016759,4
100,1.822496,0.024556,3
101,1.286445,-0.049199,3
102,3.261869,0.030369,2
104,1.594557,-0.000218,5
105,2.964618,0.037608,4
106,1.783832,0.024873,2
108,1.929005,0.002333,4
109,1.548749,-0.021039,4
110,2.947079,0.052165,1
111,1.502281,-0.040323,1
113,3.171876,0.017694,7
114,3.107201,0.025244,3
115,1.333958,-0.046723,3
116,1.286262,-0.060183,1
117,3.521217,0.029814,5
119,3.629072,0.024615,3
120,2.844635,0.058863,2
121,2.378828,-0.017578,3
123,2.024439,-0.018814,1
124,2.944486,0.035967,5
125,2.505186,-0.003271,7
127,3.724501,-0.008254,5
128,3.414015,0.028823,7
129,2.547762,0.01076,6
131,1.239108,-0.0457,1
133,1.195758,-0.054582,5
134,1.1181,-0.065636,5
135,3.983997,-0.009067,5
136,2.891517,0.030004,5
137,1.90653,0.023501,2
138,1.129276,-0.060696,5
140,2.925566,0.028972,5
141,2.263239,-0.01107,1
143,2.587878,0.03413,1
145,2.062577,-0.002479,1
146,1.77721,0.002664,5
147,2.947079,0.052165,1
148,2.62722,0.034124,1
149,3.261869,0.030369,6
150,3.764451,-0.012761,6
151,1.286262,-0.060183,1
152,2.835077,0.043194,3
155,1.848081,0.006183,5
157,2.427398,-0.023473,6
158,1.239108,-0.0457,4
160,2.940132,0.022,7
163,4.009675,0.0027,9
164,2.77095,0.02168,1
165,3.107201,0.025244,5
166,1.25747,-0.056109,7
168,1.56114,-0.008882,5
169,3.201266,0.023684,5
172,1.377665,-0.038237,5
173,2.024439,-0.018814,6
174,2.770457,0.025557,5
176,2.498442,-0.014836,7
178,2.442528,-0.023856,8
179,1.548749,-0.021039,1
181,1.133206,-0.082405,6
182,2.210231,-0.038944,6
183,3.061227,0.01934,5
184,2.040003,-0.010849,7
185,2.124811,-0.029209,6
190,1.766806,0.000863,4
192,1.594557,-0.000218,6
194,2.106583,-0.019049,6
195,2.320992,-0.061228,2
198,1.286445,-0.049199,6
199,2.271182,-0.040393,8
201,3.567488,0.011011,3
204,2.615252,0.010457,5
205,3.921398,0.008669,6
206,3.805768,-0.013525,2
209,2.77095,0.02168,5
210,2.17683,-0.04719,1
211,1.333958,-0.046723,2
213,2.514454,-0.003091,2
214,3.521217,0.029814,3
215,1.350723,-0.036349,5
216,2.450272,-0.020817,6
217,2.91247,0.019147,3
218,3.715739,0.018459,4
219,1.822496,0.024556,5
220,2.589812,0.005336,5
221,3.724501,-0.008254,1
222,3.171876,0.017694,8
223,1.882424,0.015676,4
224,2.516258,-0.009853,6
225,3.357048,0.016759,3
226,3.886991,0.01079,3
227,2.891517,0.030004,5
228,1.783832,0.024873,1
229,3.46822,0.02196,4
230,1.929005,0.002333,3
231,1.52132,-0.001356,2
235,2.944486,0.035967,4
236,2.597488,0.004766,6
237,3.415152,0.001695,6
238,1.286262,-0.060183,3
240,3.744265,0.015269,2
241,3.429441,3.8e-05,6
243,3.805768,-0.013525,4
245,3.983997,-0.009067,7
246,1.77721,0.002664,2
247,1.56114,-0.008882,2
248,3.629072,0.024615,2
249,1.190914,-0.09511,1
250,1.302624,-0.060899,2
252,2.427398,-0.023473,3
253,2.505186,-0.003271,1
254,3.457656,0.012895,7
255,1.548749,-0.021039,2
256,3.061227,0.01934,5
257,3.201266,0.023684,7
258,2.835077,0.043194,1
260,2.770457,0.025557,3
261,2.940132,0.022,4
263,2.690427,0.015925,6
264,2.221975,-0.008806,2
265,1.90653,0.023501,3
266,1.502281,-0.040323,3
267,1.286445,-0.049199,2
268,1.25747,-0.056109,3
271,1.350723,-0.036349,1
272,1.377665,-0.038237,2
273,2.166175,-0.005263,2
274,1.649137,-0.033046,1
275,1.239108,-0.0457,1
276,2.498442,-0.014836,2
277,1.1181,-0.065636,2
278,2.61867,-0.00266,1
279,1.607174,-0.03003,1
281,3.724501,-0.008254,4
282,1.129276,-0.060696,2
283,1.333958,-0.046723,5
284,3.257561,0.01046,3
285,3.567488,0.011011,4
286,2.925566,0.028972,4
287,2.944486,0.035967,1
288,2.615252,0.010457,4
289,3.921398,0.008669,1
290,2.91247,0.019147,2
292,2.891517,0.030004,3
293,3.46822,0.02196,6
295,1.969503,0.027134,2
296,1.133206,-0.082405,4
297,2.77095,0.02168,5
298,1.286262,-0.060183,2
299,1.766806,0.000863,2
301,1.302624,-0.060899,2
302,1.288682,-0.064484,1
303,3.357048,0.016759,5
304,2.062577,-0.002479,5
306,2.411105,-0.065368,3
307,3.805768,-0.013525,5
308,3.011774,0.012315,1
309,1.548749,-0.021039,2
310,4.009675,0.0027,9
311,2.210231,-0.038944,6
312,2.378292,-0.062044,4
313,3.414015,0.028823,1
314,2.944486,0.035967,4
315,1.594557,-0.000218,3
316,2.342069,-0.063917,6
317,1.77721,0.002664,2
318,2.388373,-0.06967,5
319,2.320992,-0.061228,5
320,3.261869,0.030369,5
321,3.764451,-0.012761,6
323,1.377665,-0.038237,3
324,1.783832,0.024873,2
325,2.61867,-0.00266,1
326,2.106583,-0.019049,5
327,1.822496,0.024556,4
328,1.90653,0.023501,5
329,2.124811,-0.029209,5
330,1.52132,-0.001356,2
331,1.25747,-0.056109,9
332,3.257561,0.01046,3
333,1.56114,-0.008882,2
334,4.095674,0.000965,9
335,3.414015,0.028823,4
336,1.195758,-0.054582,7
337,2.964618,0.037608,4
340,3.171876,0.017694,2
341,2.743844,0.003238,11
344,1.302624,-0.060899,1
345,2.925566,0.028972,6
347,1.239108,-0.0457,6
349,3.983997,-0.009067,9
350,1.77721,0.002664,6
351,1.969503,0.027134,2
354,1.286445,-0.049199,8
355,3.107201,0.025244,7
356,2.594033,-0.024594,5
357,4.110236,0.012349,9
358,2.685647,-0.001381,5
359,3.286972,0.033694,3
360,1.350723,-0.036349,3
361,3.457656,0.012895,6
362,3.827775,-0.036139,7
363,2.940132,0.022,4
364,3.839926,-0.036006,8
365,1.703084,-0.019258,11
366,3.201266,0.023684,6
367,2.574433,-0.03152,4
368,2.378292,-0.062044,1
369,1.288682,-0.064484,13
370,3.357048,0.016759,7
371,1.649137,-0.033046,1
372,2.411105,-0.065368,8
373,2.756978,-0.008612,1
374,2.891517,0.030004,8
376,1.502281,-0.040323,12
377,3.724501,-0.008254,7
378,1.333958,-0.046723,11
379,1.882424,0.015676,10
380,2.477987,-0.055868,9
381,2.944486,0.035967,2
382,2.91247,0.019147,1
383,2.505241,-0.047404,10
384,2.187472,-0.056012,5
385,2.17683,-0.04719,8
386,3.521217,0.029814,7
387,3.629072,0.024615,6
388,1.848081,0.006183,9
389,2.388373,-0.06967,6
390,2.320992,-0.061228,8
391,1.607174,-0.03003,13
393,2.721304,-0.012866,14
394,3.764451,-0.012761,6
395,3.257561,0.01046,2
397,1.377665,-0.038237,4
398,2.378292,-0.062044,5
399,1.649137,-0.033046,8
400,3.805768,-0.013525,1
402,2.342069,-0.063917,10
403,3.46822,0.02196,8
404,1.929005,0.002333,3
406,2.124811,-0.029209,7
408,1.350723,-0.036349,3
409,3.414015,0.028823,3
410,2.944486,0.035967,5
411,2.964618,0.037608,5
412,2.91247,0.019147,1
413,2.756978,-0.008612,12
414,1.747505,-0.021443,6
415,2.106583,-0.019049,1
417,2.679079,-0.01662,17
418,3.261869,0.030369,9
419,1.286262,-0.060183,9
420,3.286972,0.033694,7
421,2.024439,-0.018814,4
424,1.302624,-0.060899,8
425,2.925566,0.028972,7
427,1.77721,0.002664,10
428,1.90653,0.023501,5
429,1.25747,-0.056109,11
430,3.567488,0.011011,8
431,1.195758,-0.054582,6
432,4.114236,0.03833,3
433,3.805768,-0.013525,2
434,2.91247,0.019147,7
436,2.106583,-0.019049,12
437,1.766806,0.000863,14
438,3.357048,0.016759,10
439,3.414015,0.028823,3
441,3.983451,0.028772,13
443,4.077493,0.03486,7
444,1.286445,-0.049199,5
445,2.210231,-0.038944,11
446,1.507426,-0.060069,11
447,2.574433,-0.03152,1
448,2.622676,-0.045316,1
449,2.378292,-0.062044,5
450,3.814297,0.011508,21
451,4.12293,0.051923,22
452,3.457656,0.012895,17
453,3.921398,0.008669,3
454,3.977539,0.029031,24
455,3.886991,0.01079,12
457,3.107201,0.025244,21
458,2.594144,-0.047869,5
460,3.201266,0.023684,15
463,3.803397,0.023354,3
464,4.043084,0.04195,62
466,3.96101,0.032048,15
467,3.061227,0.01934,11
469,2.594033,-0.024594,1
470,2.574433,-0.03152,10
471,2.062577,-0.002479,17
472,4.114236,0.03833,8
473,2.964618,0.037608,1
474,4.057204,0.034382,28
475,2.388373,-0.06967,11
476,2.040003,-0.010849,3
478,1.882424,0.015676,21
479,2.743844,0.003238,3
481,1.848081,0.006183,8
482,2.477987,-0.055868,19
484,2.940132,0.022,9
485,1.537297,-0.060202,9
487,1.703084,-0.019258,7
488,3.744265,0.015269,25
489,2.487772,-0.071249,1
490,1.649137,-0.033046,6
491,3.257561,0.01046,25
492,3.521217,0.029814,1
493,1.211776,-0.037726,4
494,2.925566,0.028972,27
495,1.288682,-0.064484,18
496,1.239108,-0.0457,3
498,2.411105,-0.065368,4
499,2.320992,-0.061228,18
501,2.271182,-0.040393,14
502,2.944486,0.035967,1
503,2.342069,-0.063917,19
504,1.747505,-0.021443,4
505,3.46822,0.02196,2
506,1.90653,0.023501,19
507,1.286445,-0.049199,2
508,3.973419,0.02765,55
509,2.124811,-0.029209,3
510,3.171876,0.017694,23
511,2.594033,-0.024594,2
513,2.743844,0.003238,7
514,3.521217,0.029814,1
515,1.302624,-0.060899,17
516,3.921398,0.008669,5
519,2.91247,0.019147,4
520,2.505241,-0.047404,9
521,3.715739,0.018459,1
524,1.445298,-0.088036,6
525,3.429441,3.8e-05,2
526,2.378292,-0.062044,13
528,1.704342,-0.03681,1
530,2.891517,0.030004,22
531,2.040003,-0.010849,2
532,2.721304,-0.012866,14
534,3.567488,0.011011,2
535,1.509171,-0.071306,3
536,1.195758,-0.054582,10
537,3.715739,0.018459,19
538,3.415152,0.001695,14
539,3.357048,0.016759,2
540,2.944486,0.035967,11
541,1.408348,-0.083138,11
542,3.803397,0.023354,40
543,3.703881,0.030617,7
544,1.607174,-0.03003,2
546,1.286262,-0.060183,18
548,3.629072,0.024615,18
550,1.649137,-0.033046,1
551,3.813497,0.023385,44
553,4.077493,0.03486,67
554,1.286445,-0.049199,4
555,1.507426,-0.060069,12
556,2.594144,-0.047869,8
557,1.25747,-0.056109,17
558,1.239108,-0.0457,19
559,2.964618,0.037608,9
560,2.756978,-0.008612,27
561,2.106583,-0.019049,3
564,3.429441,3.8e-05,11
565,1.848081,0.006183,15
566,1.77721,0.002664,15
568,1.703084,-0.019258,11
569,2.210231,-0.038944,13
570,3.061227,0.01934,16
571,2.622676,-0.045316,4
572,4.145686,0.036094,5
573,3.921398,0.008669,62
574,4.114236,0.03833,16
576,2.504173,-0.067785,5
578,1.649137,-0.033046,9
579,1.704342,-0.03681,1
580,3.983451,0.028772,58
581,2.702028,-0.034093,2
582,1.537297,-0.060202,13
583,1.747505,-0.021443,1
585,1.445298,-0.088036,3
587,1.509171,-0.071306,5
588,3.357048,0.016759,1
589,3.886991,0.01079,55
590,2.388373,-0.06967,9
592,3.201266,0.023684,12
593,3.567488,0.011011,3
595,2.940132,0.022,2
596,2.106583,-0.019049,10
598,2.743844,0.003238,4
599,1.766806,0.000863,13
603,2.505241,-0.047404,3
604,3.96101,0.032048,2
605,1.607174,-0.03003,3
606,1.286445,-0.049199,10
607,2.679079,-0.01662,4
608,2.574433,-0.03152,3
609,3.457656,0.012895,2
611,3.703881,0.030617,10
612,2.040003,-0.010849,6
614,2.594033,-0.024594,1
615,3.567488,0.011011,3
616,2.622676,-0.045316,10
617,2.940132,0.022,3
621,1.211776,-0.037726,4
622,2.472779,-0.078629,17
623,1.408348,-0.083138,2
624,2.062577,-0.002479,9
626,2.702028,-0.034093,9
628,2.271182,-0.040393,1
629,2.702587,-0.030184,9
630,2.487772,-0.071249,14
631,3.814297,0.011508,7
634,3.457656,0.012895,7
636,2.964618,0.037608,8
639,2.124811,-0.029209,3
640,2.594144,-0.047869,16
641,2.504173,-0.067785,16
642,2.944486,0.035967,10
644,4.12293,0.051923,65
647,3.107201,0.025244,16
649,3.521217,0.029814,31
651,1.649137,-0.033046,8
653,2.320992,-0.061228,13
655,1.607174,-0.03003,5
656,2.721304,-0.012866,5
658,1.882424,0.015676,9
659,1.445298,-0.088036,2
660,1.302624,-0.060899,6
661,1.288682,-0.064484,5
662,1.408348,-0.083138,1
663,3.977539,0.029031,35
665,2.388373,-0.06967,4
666,2.534755,-0.07488,5
668,2.271182,-0.040393,4
669,3.567488,0.011011,2
671,4.145686,0.036094,2
672,3.46822,0.02196,13
673,1.969503,0.027134,10
674,3.415152,0.001695,1
675,1.90653,0.023501,10
677,1.507426,-0.060069,4
678,2.378292,-0.062044,1
679,2.940132,0.022,1
680,3.96101,0.032048,2
683,3.357048,0.016759,8
684,3.261869,0.030369,6
685,3.648756,0.061264,18
686,2.91247,0.019147,10
687,2.940132,0.022,10
690,3.706718,0.055523,29
691,1.703084,-0.019258,4
692,1.286445,-0.049199,1
693,3.201266,0.023684,10
694,1.848081,0.006183,9
696,2.166175,-0.005263,2
697,1.509171,-0.071306,8
698,3.414015,0.028823,2
699,1.408348,-0.083138,7
700,1.537297,-0.060202,12
701,4.057204,0.034382,59
703,3.171876,0.017694,5
705,1.286262,-0.060183,18
706,1.445298,-0.088036,7
708,4.114236,0.03833,59
709,3.674029,0.055529,14
710,3.011774,0.012315,4
712,2.534755,-0.07488,7
713,2.721304,-0.012866,7
714,1.25747,-0.056109,14
715,2.685647,-0.001381,1
716,3.257561,0.01046,5
718,1.239108,-0.0457,20
719,1.77721,0.002664,13
720,3.96101,0.032048,2
723,2.679079,-0.01662,6
724,2.743844,0.003238,2
725,2.622676,-0.045316,5
726,2.342069,-0.063917,15
728,2.106583,-0.019049,1
730,2.210231,-0.038944,4
731,3.061227,0.01934,6
732,2.271182,-0.040393,6
733,2.685647,-0.001381,1
734,3.286972,0.033694,1
735,1.288682,-0.064484,18
739,2.944486,0.035967,1
740,1.649137,-0.033046,13
741,3.457656,0.012895,17
743,1.703084,-0.019258,4
744,3.261869,0.030369,9
745,1.333958,-0.046723,1
746,2.925566,0.028972,1
749,2.062577,-0.002479,3
750,1.286445,-0.049199,17
751,1.882424,0.015676,11
752,1.766806,0.000863,12
753,3.357048,0.016759,21
754,4.145686,0.036094,4
756,3.96101,0.032048,1
757,3.011774,0.012315,1
758,1.969503,0.027134,7
760,1.408348,-0.083138,1
761,2.388373,-0.06967,12
762,1.90653,0.023501,9
763,3.257561,0.01046,1
764,2.378292,-0.062044,12
766,2.944486,0.035967,10
768,3.415152,0.001695,17
770,2.210231,-0.038944,7
771,1.507426,-0.060069,6
772,2.685647,-0.001381,3
773,2.743844,0.003238,4
775,2.574433,-0.03152,7
776,1.302624,-0.060899,18
777,2.925566,0.028972,11
778,1.703084,-0.019258,8
780,2.594033,-0.024594,14
781,3.286972,0.033694,18
782,2.487772,-0.071249,5
783,1.848081,0.006183,15
784,3.153744,0.064436,17
785,2.91247,0.019147,4
786,2.505241,-0.047404,2
787,2.106583,-0.019049,12
789,2.690427,0.015925,2
792,2.964618,0.037608,16
794,3.46822,0.02196,1
795,1.607174,-0.03003,14
796,2.77095,0.02168,4
798,2.504173,-0.067785,8
799,1.509171,-0.071306,1
800,4.145686,0.036094,5
801,2.770457,0.025557,2
802,2.062577,-0.002479,13
803,2.320992,-0.061228,15
805,1.537297,-0.060202,11
806,3.232462,0.063295,14
807,1.333958,-0.046723,1
808,2.685647,-0.001381,4
809,2.743844,0.003238,4
810,3.429441,3.8e-05,12
811,2.472779,-0.078629,5
814,2.271182,-0.040393,1
815,2.91247,0.019147,3
818,1.509171,-0.071306,3
820,1.77721,0.002664,8
823,2.891517,0.030004,14
824,3.648756,0.061264,10
826,2.271182,-0.040393,10
827,1.882424,0.015676,10
828,2.411105,-0.065368,5
830,2.690427,0.015925,12
831,1.333958,-0.046723,5
832,2.574433,-0.03152,13
833,2.487772,-0.071249,13
837,3.090845,0.07086,2
838,1.969503,0.027134,9
839,1.90653,0.023501,6
840,1.766806,0.000863,5
841,1.509171,-0.071306,2
842,2.944486,0.035967,8
844,2.342069,-0.063917,14
845,3.674029,0.055529,1
846,2.210231,-0.038944,12
847,1.507426,-0.060069,6
848,1.25747,-0.056109,8
850,4.145686,0.036094,14
851,2.472779,-0.078629,10
855,2.77095,0.02168,13
856,1.286262,-0.060183,10
858,2.770457,0.025557,8
859,3.090845,0.07086,3
862,2.504173,-0.067785,11
863,2.925566,0.028972,12
864,1.288682,-0.064484,7
865,1.509171,-0.071306,6
867,1.649137,-0.033046,6
868,3.457656,0.012895,2
871,2.106583,-0.019049,1
873,1.286445,-0.049199,10
874,2.378292,-0.062044,14
875,3.587459,0.060373,4
877,2.388373,-0.06967,10
878,1.333958,-0.046723,2
879,3.521217,0.029814,3
880,3.813497,0.023385,2
882,2.76915,0.039141,1
883,3.457656,0.012895,3
884,2.594033,-0.024594,9
885,1.766806,0.000863,7
886,3.429441,3.8e-05,3
887,1.848081,0.006183,5
890,1.703084,-0.019258,8
891,2.02939,0.030334,9
892,1.90653,0.023501,9
893,3.261869,0.030369,1
895,2.411105,-0.065368,11
896,2.91247,0.019147,2
897,2.940132,0.022,2
899,3.415152,0.001695,1
900,3.791201,0.065003,16
901,1.507426,-0.060069,5
902,2.271182,-0.040393,4
903,3.286972,0.033694,3
904,3.357048,0.016759,10
905,3.662236,0.102744,13
906,1.77721,0.002664,6
907,1.822496,0.024556,1
908,1.607174,-0.03003,4
909,3.74966,0.078387,12
910,3.171876,0.017694,8
912,3.201266,0.023684,4
913,1.947801,0.041408,3
914,2.944486,0.035967,7
915,2.964618,0.037608,7
916,3.46822,0.02196,3
917,3.061227,0.01934,6
918,3.261869,0.030369,1
919,3.107201,0.025244,9
920,1.333958,-0.046723,5
921,2.685647,-0.001381,3
922,3.257561,0.01046,7
923,3.457656,0.012895,7
925,2.91247,0.019147,1
926,1.350723,-0.036349,2
929,1.288682,-0.064484,9
930,3.587459,0.060373,12
932,1.537297,-0.060202,8
933,3.521217,0.029814,12
934,2.574433,-0.03152,9
935,1.302624,-0.060899,9
936,2.487772,-0.071249,3
937,3.977539,0.029031,19
938,2.891517,0.030004,8
939,2.690427,0.015925,9
940,1.286262,-0.060183,8
941,1.882424,0.015676,7
944,1.509171,-0.071306,5
945,1.649137,-0.033046,6
946,1.704342,-0.03681,1
947,2.770457,0.025557,8
948,4.043084,0.04195,22
949,2.320992,-0.061228,9
950,3.973419,0.02765,22
951,2.271182,-0.040393,3
953,1.848081,0.006183,3
954,2.166175,-0.005263,2
955,1.947801,0.041408,4
956,1.969503,0.027134,1
957,2.210231,-0.038944,4
958,1.507426,-0.060069,5
959,3.201266,0.023684,4
960,3.429441,3.8e-05,8
961,2.504173,-0.067785,6
962,3.722553,0.104863,9
963,3.415152,0.001695,9
965,2.77095,0.02168,10
967,2.594033,-0.024594,8
968,2.065892,0.036728,2
969,2.925566,0.028972,6
971,2.940132,0.022,1
972,1.77721,0.002664,4
973,1.703084,-0.019258,8
974,1.286445,-0.049199,8
975,3.061227,0.01934,1
976,3.261869,0.030369,7
977,1.333958,-0.046723,8
978,2.487772,-0.071249,2
979,2.944486,0.035967,2
980,2.76915,0.039141,2
981,2.388373,-0.06967,8
982,1.607174,-0.03003,4
983,2.02939,0.030334,8
984,2.472779,-0.078629,4
985,2.964618,0.037608,1
987,1.90653,0.023501,8
989,3.286972,0.033694,3
990,1.766806,0.000863,2
992,4.145686,0.036094,6
993,3.886991,0.01079,2
994,2.411105,-0.065368,6
995,2.91247,0.019147,5
996,2.342069,-0.063917,8
997,1.969503,0.027134,7
998,3.061227,0.01934,10
1000,1.377665,-0.038237,3
1001,2.378292,-0.062044,7
1002,1.947801,0.041408,2
1003,2.940132,0.022,7
1005,2.534755,-0.07488,1
1006,2.210231,-0.038944,7
1007,2.271182,-0.040393,1
1008,2.065892,0.036728,2
1011,3.457656,0.012895,4
1012,1.537297,-0.060202,8
1014,1.507426,-0.060069,8
1015,3.201266,0.023684,7
1016,3.752344,0.112022,11
1017,2.487772,-0.071249,3
1018,1.848081,0.006183,8
1019,1.509171,-0.071306,5
1020,3.662236,0.102744,3
1021,1.77721,0.002664,5
1022,2.891517,0.030004,5
1023,3.96101,0.032048,7
1024,3.011774,0.012315,1
1025,3.860171,0.060289,8
1026,2.690427,0.015925,2
1027,3.171876,0.017694,8
1028,2.685647,-0.001381,8
1029,1.766806,0.000863,5
1030,2.574433,-0.03152,1
1031,2.504173,-0.067785,1
1032,1.288682,-0.064484,8
1034,2.472779,-0.078629,4
1036,3.46822,0.02196,6
1038,2.679079,-0.01662,5
1039,3.822776,0.08031,12
1040,3.357048,0.016759,8
1041,2.944486,0.035967,2
1042,2.534755,-0.07488,5
1044,2.594144,-0.047869,7
1045,3.257561,0.01046,4
1047,1.649137,-0.033046,7
1048,2.770457,0.025557,5
1049,3.983451,0.028772,10
1052,3.521217,0.029814,5
1053,1.302624,-0.060899,6
1054,2.925566,0.028972,6
1055,3.414015,0.028823,6
1057,1.703084,-0.019258,6
1058,2.77095,0.02168,6
1059,2.544457,-0.083753,5
1060,2.271182,-0.040393,5
1061,3.107201,0.025244,5
1063,3.587459,0.060373,3
1064,2.062577,-0.002479,2
1065,2.106583,-0.019049,1
1068,3.800744,0.105652,4
1069,2.622676,-0.045316,4
1070,2.964618,0.037608,5
1071,2.91247,0.019147,3
1072,2.342069,-0.063917,8
1074,1.969503,0.027134,1
1075,1.766806,0.000863,4
1076,2.487772,-0.071249,1
1077,2.472779,-0.078629,4
1078,1.77721,0.002664,5
1080,1.607174,-0.03003,1
1082,2.210231,-0.038944,5
1083,3.261869,0.030369,1
1086,2.378292,-0.062044,8
1087,1.509171,-0.071306,4
1088,4.077493,0.03486,8
1089,2.602214,-0.071786,1
1091,2.679079,-0.01662,3
1092,3.061227,0.01934,1
1094,1.882424,0.015676,7
1095,2.743844,0.003238,2
1096,1.848081,0.006183,5
1097,1.408348,-0.083138,5
1098,2.770457,0.025557,3
1101,3.46822,0.02196,8
1102,1.929005,0.002333,5
1103,2.388373,-0.06967,5
1105,1.445298,-0.088036,1
1106,2.944486,0.035967,4
1108,3.457656,0.012895,4
1109,3.662236,0.102744,10
1110,3.720331,0.147763,6
1111,2.411105,-0.065368,9
1113,1.534903,-0.081267,4
1114,2.106583,-0.019049,4
1117,3.171876,0.017694,9
1118,3.107201,0.025244,8
1119,3.977539,0.029031,2
1120,2.062577,-0.002479,3
1124,2.320992,-0.061228,9
1125,3.860171,0.060289,2
1126,2.817948,0.045222,7
1128,2.534755,-0.07488,1
1129,3.061227,0.01934,8
1131,3.521217,0.029814,9
1132,2.925566,0.028972,8
1133,2.477987,-0.055868,4
1135,3.357048,0.016759,9
1136,3.587459,0.060373,10
1137,2.76915,0.039141,2
1138,2.690427,0.015925,4
1139,2.17683,-0.04719,2
1140,1.637741,-0.054918,1
1141,2.685647,-0.001381,1
1142,1.547611,-0.08938,1
1143,1.509171,-0.071306,5
1144,2.769812,0.0526,3
1145,3.886991,0.01079,3
1146,1.822496,0.024556,2
1148,2.210231,-0.038944,7
1149,2.040003,-0.010849,1
1150,2.594033,-0.024594,2
1152,2.835077,0.043194,6
1153,1.445298,-0.088036,7
1155,4.145686,0.036094,7
1157,3.860171,0.060289,3
1160,1.649137,-0.033046,9
1161,2.472779,-0.078629,5
1162,3.921398,0.008669,5
1165,2.940132,0.022,1
1166,2.342069,-0.063917,16
1168,1.537297,-0.060202,10
1169,1.77721,0.002664,4
1170,1.747505,-0.021443,1
1171,1.416947,-0.099706,2
1172,2.594144,-0.047869,6
1173,3.201266,0.023684,6
1175,3.822776,0.08031,6
1176,2.944486,0.035967,2
1177,4.156077,0.024185,16
1179,3.983997,-0.009067,5
1180,1.969503,0.027134,16
1181,1.607174,-0.03003,3
1182,4.009675,0.0027,5
1184,2.271182,-0.040393,8
1186,2.065892,0.036728,8
1187,3.257561,0.01046,5
1188,3.800744,0.105652,4
1189,2.487772,-0.071249,11
1190,2.76915,0.039141,4
1191,1.408348,-0.083138,11
1193,1.90653,0.023501,8
1194,2.534755,-0.07488,7
1195,1.507426,-0.060069,3
1196,4.110236,0.012349,15
1197,4.180954,0.041195,24
1199,2.504173,-0.067785,12
1200,2.378292,-0.062044,13
1202,2.91247,0.019147,4
1204,1.822496,0.024556,1
1205,2.679079,-0.01662,10
1206,2.685647,-0.001381,3
1207,1.766806,0.000863,9
1208,4.095674,0.000965,16
1210,2.770457,0.025557,2
1211,1.342107,-0.090527,9
1212,3.46822,0.02196,5
1213,3.011774,0.012315,3
1214,1.416947,-0.099706,3
1215,3.261869,0.030369,1
1217,1.509171,-0.071306,12
1218,2.940132,0.022,3
1219,3.026107,0.006696,2
1220,1.77721,0.002664,7
1221,1.703084,-0.019258,11
1222,3.171876,0.017694,4
1223,1.882424,0.015676,10
1224,3.110805,-0.000825,2
1225,2.166175,-0.005263,11
1226,1.947801,0.041408,1
1227,3.457656,0.012895,3
1229,3.886991,0.01079,2
1231,2.388373,-0.06967,10
1233,2.77095,0.02168,8
1234,4.190997,0.029824,17
1235,4.145686,0.036094,25
1237,2.891517,0.030004,5
1239,3.415152,0.001695,2
1241,2.721304,-0.012866,5
1242,3.429441,3.8e-05,2
1243,3.788728,0.130239,1
1244,1.848081,0.006183,2
1245,2.622676,-0.045316,5
1246,3.921398,0.008669,1
1248,2.964618,0.037608,3
1249,2.221975,-0.008806,1
1250,2.02939,0.030334,11
1253,3.257561,0.01046,4
1254,3.521217,0.029814,7
1255,3.800744,0.105652,4
1256,3.822776,0.08031,4
1257,2.925566,0.028972,10
1259,2.91247,0.019147,5
1260,1.416947,-0.099706,8
1261,3.752344,0.112022,5
1262,3.357048,0.016759,8
1263,2.944486,0.035967,9
1264,2.770457,0.025557,5
1265,2.411105,-0.065368,6
1267,3.860171,0.060289,2
1269,2.210231,-0.038944,1
1270,3.061227,0.01934,4
1271,3.286972,0.033694,1
1272,3.201266,0.023684,9
1273,3.788728,0.130239,2
1274,1.704342,-0.03681,3
1277,3.171876,0.017694,10
1278,3.107201,0.025244,8
1279,2.594144,-0.047869,4
1280,2.065892,0.036728,8
1281,1.445298,-0.088036,12
1282,3.414015,0.028823,10
1284,3.886991,0.01079,3
1285,2.940132,0.022,4
1286,3.648756,0.061264,5
1287,2.271182,-0.040393,10
1288,2.477987,-0.055868,7
1290,1.77721,0.002664,11
1291,2.891517,0.030004,8
1292,3.46822,0.02196,3
1293,2.320992,-0.061228,5
1294,3.860171,0.060289,9
1295,1.507426,-0.060069,5
1296,1.848081,0.006183,1
1297,3.822776,0.08031,6
1298,3.722553,0.104863,1
1299,1.649137,-0.033046,8
1300,2.964618,0.037608,5
1301,2.505241,-0.047404,5
1302,1.534903,-0.081267,2
1303,3.257561,0.01046,6
1304,1.766806,0.000863,10
1305,3.800744,0.105652,7
1311,2.685647,-0.001381,2
1312,2.743844,0.003238,7
1315,3.587459,0.060373,7
1316,1.408348,-0.083138,9
1318,2.77095,0.02168,3
1320,2.342069,-0.063917,9
1321,1.537297,-0.060202,10
1322,2.221975,-0.008806,5
1323,3.261869,0.030369,1
1324,2.721304,-0.012866,11
1325,3.722553,0.104863,2
1326,3.921398,0.008669,6
1330,2.679079,-0.01662,3
1331,3.648756,0.061264,8
1332,2.594144,-0.047869,2
1334,2.378292,-0.062044,12
1335,1.509171,-0.071306,10
1336,4.156077,0.024185,11
1337,2.411105,-0.065368,14
1338,2.940132,0.022,3
1339,3.46822,0.02196,12
1340,1.929005,0.002333,1
1341,1.416947,-0.099706,10
1342,4.110236,0.012349,17
1344,2.487772,-0.071249,4
1345,1.848081,0.006183,2
1346,2.925566,0.028972,3
1347,3.886991,0.01079,3
1348,4.016905,-0.046125,6
1349,2.91247,0.019147,9
1350,2.702028,-0.034093,2
1351,2.320992,-0.061228,9
1352,3.011774,0.012315,9
1353,1.969503,0.027134,11
1354,1.607174,-0.03003,5
1355,3.061227,0.01934,2
1357,2.504173,-0.067785,6
1358,3.357048,0.016759,4
1359,3.026107,0.006696,10
1360,2.388373,-0.06967,14
1361,2.02939,0.030334,10
1362,1.90653,0.023501,10
1363,2.065892,0.036728,2
1365,3.201266,0.023684,1
1366,2.702587,-0.030184,6
1368,2.622676,-0.045316,7
1372,1.703084,-0.019258,11
1374,3.74966,0.078387,8
1377,2.166175,-0.005263,3
1378,3.08829,0.001436,8
1379,2.505241,-0.047404,13
1380,3.171876,0.017694,4
1381,3.110805,-0.000825,8
1382,3.800744,0.105652,3
1383,2.477987,-0.055868,13
1384,3.414015,0.028823,1
1385,3.860171,0.060289,2
1386,2.221975,-0.008806,7
1388,2.743844,0.003238,9
1389,3.257561,0.01046,10
1390,3.521217,0.029814,7
1391,4.095674,0.000965,12
1392,3.822776,0.08031,5
1393,2.925566,0.028972,1
1394,4.186895,0.064771,7
1395,3.457656,0.012895,6
1396,3.921398,0.008669,4
1397,3.886991,0.01079,5
1398,3.674029,0.055529,12
1399,1.507426,-0.060069,2
1400,2.065892,0.036728,6
1401,2.702028,-0.034093,1
1402,2.756978,-0.008612,9
1403,3.415152,0.001695,3
1404,3.706718,0.055523,11
1405,2.679079,-0.01662,10
1406,1.445298,-0.088036,9
1411,1.607174,-0.03003,7
1412,2.271182,-0.040393,7
1413,1.424738,-0.110217,2
1414,1.882424,0.015676,6
1415,2.342069,-0.063917,6
1419,3.791201,0.065003,6
1420,1.507426,-0.060069,13
1421,1.848081,0.006183,4
1422,2.226696,0.002829,1
1423,2.940132,0.022,6
1424,1.77721,0.002664,12
1426,1.416947,-0.099706,7
1427,2.721304,-0.012866,6
1428,2.622676,-0.045316,2
1429,1.408348,-0.083138,5
1430,4.114236,0.03833,16
1431,2.91247,0.019147,5
1433,3.648756,0.061264,8
1434,3.822776,0.08031,1
1435,2.166175,-0.005263,2
1436,4.064018,-0.074441,8
1437,3.357048,0.016759,6
1438,3.414015,0.028823,7
1439,1.649137,-0.033046,5
1440,3.921398,0.008669,3
1441,1.537297,-0.060202,9
1442,2.891517,0.030004,1
1444,3.171876,0.017694,4
1445,3.107201,0.025244,4
1446,2.594144,-0.047869,2
1447,3.521217,0.029814,2
1448,1.766806,0.000863,10
1450,4.038107,-0.095394,4
1452,4.134979,0.080987,67
1455,1.90653,0.023501,3
1457,3.201266,0.023684,6
1460,4.12293,0.051923,13
1462,3.46822,0.02196,1
1463,1.969503,0.027134,2
1464,2.210231,-0.038944,3
1465,2.326105,-0.082499,3
1466,2.574433,-0.03152,5
1467,2.062577,-0.002479,7
1468,2.411105,-0.065368,4
1469,2.320992,-0.061228,4
1470,4.147238,0.111876,61
1471,3.587459,0.060373,4
1472,2.964618,0.037608,4
1473,1.747505,-0.021443,1
1476,3.261869,0.030369,2
1477,2.271182,-0.040393,6
1478,2.685647,-0.001381,5
1479,1.848081,0.006183,10
1480,2.925566,0.028972,5
1481,3.886991,0.01079,2
1483,2.388373,-0.06967,4
1484,1.607174,-0.03003,10
1486,2.594033,-0.024594,4
1487,1.882424,0.015676,9
1488,3.286972,0.033694,1
1489,1.445298,-0.088036,11
1490,4.143157,0.105008,71
1491,2.477987,-0.055868,4
1492,2.166175,-0.005263,2
1493,3.814297,0.011508,3
1494,3.813497,0.023385,2
1495,2.940132,0.022,3
1498,1.703084,-0.019258,8
1499,1.416947,-0.099706,11
1501,1.509171,-0.071306,10
1502,1.408348,-0.083138,7
1503,3.803397,0.023354,3
1504,2.91247,0.019147,2
1505,2.505241,-0.047404,5
1506,2.342069,-0.063917,8
1507,3.46822,0.02196,6
1509,2.679079,-0.01662,1
1511,3.521217,0.029814,5
1512,2.944486,0.035967,6
1513,3.457656,0.012895,10
1514,2.411105,-0.065368,10
1515,3.715739,0.018459,3
1516,1.90653,0.023501,1
1517,3.061227,0.01934,8
1518,2.77095,0.02168,6
1521,3.257561,0.01046,10
1522,3.429441,3.8e-05,3
1523,4.080482,-0.064392,2
1524,2.964618,0.037608,4
1525,4.094051,-0.051523,6
1526,1.929005,0.002333,5
1527,3.415152,0.001695,2
1528,2.679079,-0.01662,9
1529,4.110236,0.012349,6
1530,2.835077,0.043194,4
1531,1.649137,-0.033046,2
1532,2.770457,0.025557,3
1533,4.038107,-0.095394,5
1534,1.747505,-0.021443,2
1535,2.106583,-0.019049,10
1536,2.040003,-0.010849,10
1537,3.107201,0.025244,2
1538,2.743844,0.003238,9
1539,3.629072,0.024615,3
1540,3.357048,0.016759,1
1541,2.024439,-0.018814,2
1542,2.388373,-0.06967,7
1544,2.210231,-0.038944,10
1545,3.171876,0.017694,7
1546,3.744265,0.015269,4
1547,2.574433,-0.03152,12
1549,2.378292,-0.062044,3
1550,4.145686,0.036094,55
1551,3.805768,-0.013525,6
1552,1.77721,0.002664,7
1554,2.320992,-0.061228,6
1556,2.124811,-0.029209,1
1557,2.17683,-0.04719,1
1558,2.594033,-0.024594,7
1559,3.567488,0.011011,1
1560,4.129443,-0.01318,25
1562,2.91247,0.019147,5
1563,2.505241,-0.047404,9
1564,3.011774,0.012315,6
1565,1.90653,0.023501,7
1566,1.507426,-0.060069,8
1567,2.271182,-0.040393,2
1568,2.721304,-0.012866,10
1569,2.685647,-0.001381,1
1572,3.357048,0.016759,1
1573,2.062577,-0.002479,4
1574,4.109703,-0.075168,7
1575,2.124811,-0.029209,8
1578,1.766806,0.000863,5
1579,3.629072,0.024615,2
1580,3.567488,0.011011,7
1582,1.649137,-0.033046,3
1583,2.940132,0.022,4
1584,3.026107,0.006696,8
1585,1.537297,-0.060202,8
1586,2.756978,-0.008612,7
1589,3.110805,-0.000825,8
1590,3.357048,0.016759,4
1591,4.156077,0.024185,52
1592,3.46822,0.02196,4
1593,1.703084,-0.019258,3
1594,4.136268,-0.027385,30
1595,3.764451,-0.012761,6
1596,2.477987,-0.055868,6
1597,3.08829,0.001436,7
1598,3.839926,-0.036006,6
1599,2.378292,-0.062044,4
1600,1.969503,0.027134,2
1601,1.607174,-0.03003,4
1603,1.445298,-0.088036,6
1604,4.12293,0.051923,19
1605,4.038107,-0.095394,7
1606,2.91247,0.019147,5
1607,1.822496,0.024556,1
1609,2.271182,-0.040393,3
1610,1.882424,0.015676,1
1611,1.649137,-0.033046,3
1612,3.011157,-0.013075,1
1613,2.062577,-0.002479,2
1614,3.805768,-0.013525,3
1617,2.679079,-0.01662,4
1618,2.594033,-0.024594,4
1619,3.257561,0.01046,8
1620,3.429441,3.8e-05,1
1621,3.827775,-0.036139,5
1622,2.411105,-0.065368,4
1623,2.940132,0.022,7
1624,1.77721,0.002664,4
1626,3.011774,0.012315,7
1628,1.703084,-0.019258,2
1629,1.90653,0.023501,4
1630,2.17683,-0.04719,1
1631,3.629072,0.024615,1
1632,1.509171,-0.071306,2
1634,3.457656,0.012895,7
1637,2.106583,-0.019049,5
1639,2.040003,-0.010849,3
1640,1.507426,-0.060069,6
1641,3.567488,0.011011,7
1642,3.357048,0.016759,6
1643,3.93947,-0.086669,14
1644,2.388373,-0.06967,3
1645,2.320992,-0.061228,3
1646,1.607174,-0.03003,4
1647,2.210231,-0.038944,5
1648,3.724501,-0.008254,3
1650,1.882424,0.015676,6
1651,1.766806,0.000863,6
1652,3.629072,0.024615,1
1653,2.925566,0.028972,7
1654,2.477987,-0.055868,7
1655,3.708482,-0.020409,3
1656,2.378292,-0.062044,4
1659,2.891517,0.030004,7
1660,3.824498,-0.04839,11
1662,3.415152,0.001695,1
1663,2.77095,0.02168,9
1664,2.124811,-0.029209,1
1667,1.509171,-0.071306,8
1668,1.537297,-0.060202,8
1669,2.61867,-0.00266,6
1670,3.46822,0.02196,8
1671,2.271182,-0.040393,4
1673,2.743844,0.003238,1
1675,1.848081,0.006183,5
1676,3.08829,0.001436,2
1677,2.944486,0.035967,6
1678,1.649137,-0.033046,2
1679,2.411105,-0.065368,2
1683,2.685647,-0.001381,1
1684,2.574433,-0.03152,8
1685,3.414015,0.028823,5
1688,2.062577,-0.002479,8
1689,2.342069,-0.063917,6
1690,2.690427,0.015925,7
1691,2.124811,-0.029209,1
1692,3.764451,-0.012761,17
1693,3.893212,-0.072648,10
1694,3.827775,-0.036139,2
1696,2.388373,-0.06967,7
1697,2.320992,-0.061228,7
1699,1.90653,0.023501,5
1700,3.061227,0.01934,4
1701,2.040003,-0.010849,2
1702,3.521217,0.029814,5
1703,3.201266,0.023684,10
1704,4.038107,-0.095394,16
1705,1.77721,0.002664,3
1707,2.487772,-0.071249,5
1709,1.649137,-0.033046,3
1710,2.964618,0.037608,3
1711,2.505241,-0.047404,1
1713,1.969503,0.027134,3
1714,3.724501,-0.008254,6
1715,3.261869,0.030369,4
1716,3.171876,0.017694,13
1717,2.594033,-0.024594,6
1718,3.357048,0.016759,13
1722,2.210231,-0.038944,6
1724,3.107201,0.025244,10
1725,1.766806,0.000863,2
1726,3.629072,0.024615,7
1727,3.567488,0.011011,11
1728,1.848081,0.006183,2
1729,3.865088,-0.074719,1
1730,2.472779,-0.078629,6
1731,3.457656,0.012895,12
1732,3.827775,-0.036139,13
1735,1.882424,0.015676,8
1736,3.286972,0.033694,1
1737,2.378292,-0.062044,3
1738,3.715739,0.018459,1
1739,1.607174,-0.03003,4
1740,2.947079,0.052165,4
1741,2.271182,-0.040393,3
1742,2.835077,0.043194,4
1743,2.870018,0.053449,7
1744,1.534903,-0.081267,1
1745,1.90653,0.023501,6
1746,3.257561,0.01046,11
1748,1.969503,0.027134,5
1749,2.817948,0.045222,2
1750,3.415152,0.001695,3
1751,2.77095,0.02168,7
1752,2.685647,-0.001381,2
1753,1.766806,0.000863,9
1754,2.504173,-0.067785,6
1756,1.509171,-0.071306,9
1757,2.770457,0.025557,1
1758,2.411105,-0.065368,1
1759,1.537297,-0.060202,8
1760,2.106583,-0.019049,9
1761,1.703084,-0.019258,3
1762,2.534755,-0.07488,4
1763,2.679079,-0.01662,1
1765,1.507426,-0.060069,7
1766,2.594144,-0.047869,5
1767,2.743844,0.003238,5
1770,1.848081,0.006183,9
1771,2.342069,-0.063917,5
1772,1.77721,0.002664,7
1773,3.46822,0.02196,1
1774,2.320992,-0.061228,5
1776,2.622676,-0.045316,3
1777,2.955052,0.080042,7
1778,3.805768,-0.013525,4
1779,1.747505,-0.021443,1
1780,3.839926,-0.036006,7
1783,1.649137,-0.033046,4
1785,2.388373,-0.06967,12
1786,2.210231,-0.038944,6
1787,2.679079,-0.01662,3
1789,2.271182,-0.040393,1
1790,2.835077,0.043194,7
1791,3.629072,0.024615,1
1792,2.378292,-0.062044,12
1793,2.062577,-0.002479,6
1797,3.201266,0.023684,4
1798,2.487772,-0.071249,5
1799,2.472779,-0.078629,5
1800,2.770457,0.025557,6
1801,2.411105,-0.065368,10
1803,2.817948,0.045222,5
1804,1.607174,-0.03003,6
1807,2.040003,-0.010849,1
1808,2.271182,-0.040393,3
1810,2.504173,-0.067785,4
1813,3.93947,-0.086669,11
1815,3.46822,0.02196,2
1818,2.685647,-0.001381,2
1819,3.429441,3.8e-05,2
1822,3.715739,0.018459,2
1823,2.859001,0.066571,1
1824,2.870018,0.053449,9
1825,3.824498,-0.04839,3
1828,3.107201,0.025244,4
1830,2.574433,-0.03152,4
1831,3.567488,0.011011,4
1832,3.457656,0.012895,4
1835,1.969503,0.027134,3
1836,3.415152,0.001695,2
1837,1.90653,0.023501,3
1838,2.77095,0.02168,6
1839,2.124811,-0.029209,1
1840,1.507426,-0.060069,4
1841,2.594033,-0.024594,3
1842,3.764451,-0.012761,4
1845,3.629072,0.024615,6
1848,3.827775,-0.036139,13
1849,2.955052,0.080042,1
1850,3.46822,0.02196,7
1851,2.210231,-0.038944,4
1852,1.766806,0.000863,7
1854,1.848081,0.006183,1
1855,3.357048,0.016759,5
1856,3.715739,0.018459,5
1857,1.77721,0.002664,7
1858,2.320992,-0.061228,10
1859,3.839926,-0.036006,10
1861,1.703084,-0.019258,6
1864,2.685647,-0.001381,5
1865,3.257561,0.01046,2
1866,2.487772,-0.071249,1
1867,2.062577,-0.002479,9
1868,3.703881,0.030617,9
1869,2.955052,0.080042,8
1870,1.537297,-0.060202,8
1871,2.679079,-0.01662,3
1872,2.17683,-0.04719,3
1873,4.185973,-0.079629,14
1874,2.743844,0.003238,3
1876,3.893212,-0.072648,11
1877,2.477987,-0.055868,7
1878,3.414015,0.028823,4
1879,1.649137,-0.033046,7
1880,4.038107,-0.095394,10
1881,3.805768,-0.013525,10
1882,1.534903,-0.081267,3
1883,3.261869,0.030369,4
1885,1.882424,0.015676,9
1886,3.286972,0.033694,5
1888,2.504173,-0.067785,1
1889,2.487772,-0.071249,1
1890,1.848081,0.006183,5
1891,2.505241,-0.047404,5
1892,1.969503,0.027134,6
1893,2.187472,-0.056012,1
1894,2.124811,-0.029209,5
1896,1.637741,-0.054918,1
1898,2.835077,0.043194,4
1900,2.342069,-0.063917,9
1902,2.106583,-0.019049,8
1903,1.90653,0.023501,7
1904,2.594033,-0.024594,11
1905,3.764451,-0.012761,1
1906,3.521217,0.029814,2
1907,3.457656,0.012895,7
1908,2.770457,0.025557,2
1909,2.411105,-0.065368,9
1913,3.744265,0.015269,7
1914,3.567488,0.011011,7
1915,2.844635,0.058863,2
1917,3.090845,0.07086,9
1920,2.17683,-0.04719,1
1921,2.574433,-0.03152,9
1922,3.629072,0.024615,9
1923,3.153744,0.064436,7
1926,2.870018,0.053449,9
1927,1.534903,-0.081267,1
1929,2.817948,0.045222,8
1930,3.232462,0.063295,6
1933,3.414015,0.028823,7
1934,2.388373,-0.06967,7
1936,1.703084,-0.019258,6
1937,2.685647,-0.001381,5
1938,1.766806,0.000863,5
1940,3.93947,-0.086669,6
1942,1.77721,0.002664,4
1943,2.187472,-0.056012,3
1944,2.02939,0.030334,8
1945,2.124811,-0.029209,3
1946,2.835077,0.043194,7
1948,2.844635,0.058863,3
1950,1.607174,-0.03003,6
1952,2.210231,-0.038944,9
1954,2.504173,-0.067785,7
1955,3.168954,0.086255,3
1956,3.839926,-0.036006,4
1957,2.487772,-0.071249,6
1958,2.378292,-0.062044,5
1959,4.201552,-0.094331,7
1962,1.969503,0.027134,6
1963,2.690427,0.015925,3
1965,3.35791,0.057924,6
1966,3.246283,0.085698,1
1969,1.537297,-0.060202,6
1970,3.46822,0.02196,2
1971,1.822496,0.024556,3
1972,2.947079,0.052165,2
1973,1.882424,0.015676,7
1974,3.893212,-0.072648,3
1978,3.715739,0.018459,1
1981,2.685647,-0.001381,6
1982,3.521217,0.029814,3
1983,4.180954,0.041195,15
1984,3.744265,0.015269,1
1985,2.844635,0.058863,1
1987,1.649137,-0.033046,5
1988,3.088886,0.082398,7
1990,2.411105,-0.065368,5
1991,2.320992,-0.061228,5
1992,1.703084,-0.019258,7
1993,1.90653,0.023501,6
1995,2.770457,0.025557,4
1996,4.038107,-0.095394,6
1997,3.864645,-0.079151,4
1998,2.342069,-0.063917,4
1999,3.284939,0.089753,1
2000,4.234157,-0.084472,10
2001,2.534755,-0.07488,1
2002,3.724501,-0.008254,1
2003,2.679079,-0.01662,3
2004,2.77095,0.02168,4
2005,2.594144,-0.047869,3
2006,3.420489,0.059526,6
2007,2.477987,-0.055868,1
2008,3.708482,-0.020409,5
2009,2.166175,-0.005263,1
2010,3.168954,0.086255,8
2011,3.271649,0.082993,8
2012,3.93947,-0.086669,7
2013,3.824498,-0.04839,10
2014,3.090845,0.07086,9
2016,1.766806,0.000863,5
2017,3.567488,0.011011,6
2019,2.472779,-0.078629,1
2021,3.284939,0.089753,5
2022,2.388373,-0.06967,2
2023,3.691955,-0.024986,4
2024,2.106583,-0.019049,1
2025,2.947079,0.052165,9
2026,2.124811,-0.029209,1
2029,2.835077,0.043194,10
2030,3.724501,-0.008254,1
2031,3.521217,0.029814,6
2033,1.848081,0.006183,9
2034,4.190997,0.029824,11
2035,3.827775,-0.036139,1
2036,2.870018,0.053449,8
2037,1.969503,0.027134,2
2038,2.817948,0.045222,4
2039,2.02939,0.030334,1
2041,2.594033,-0.024594,1
2042,4.147238,0.111876,20
2043,2.487772,-0.071249,3
2044,2.477987,-0.055868,1
2045,3.865088,-0.074719,1
2047,2.062577,-0.002479,6
2048,1.621657,-0.073826,17
2050,1.659113,-0.059005,17
2051,2.594144,-0.047869,9
2053,2.622676,-0.045316,13
2054,4.201552,-0.094331,6
2055,2.472779,-0.078629,2
2056,2.411105,-0.065368,12
2057,2.342069,-0.063917,6
2058,1.747505,-0.021443,16
2059,4.134979,0.080987,4
2060,1.929005,0.002333,19
2061,2.388373,-0.06967,6
2062,2.320992,-0.061228,15
2063,2.534755,-0.07488,3
2064,2.679079,-0.01662,8
2065,1.637741,-0.054918,19
2066,3.676772,-0.011253,6
2067,3.893212,-0.072648,3
2068,2.504173,-0.067785,12
2069,2.378292,-0.062044,18
2070,2.770457,0.025557,5
2071,1.77721,0.002664,16
2072,2.210231,-0.038944,18
2073,3.724501,-0.008254,4
2074,1.882424,0.015676,4
2078,3.088886,0.082398,7
2079,2.124811,-0.029209,1
2080,3.764451,-0.012761,2
2081,3.420489,0.059526,8
2082,1.766806,0.000863,7
2083,1.704342,-0.03681,18
2084,3.827775,-0.036139,6
2086,4.185973,-0.079629,10
2087,3.629072,0.024615,3
2088,4.064018,-0.074441,4
2089,3.35791,0.057924,9
2090,4.109703,-0.075168,7
2091,2.106583,-0.019049,17
2093,2.271182,-0.040393,1
2094,3.893212,-0.072648,2
2095,3.168954,0.086255,5
2096,1.669168,-0.058037,15
2097,3.271649,0.082993,8
2101,4.234157,-0.084472,8
2103,2.124811,-0.029209,14
2104,3.708482,-0.020409,8
2108,2.040003,-0.010849,14
2109,3.473907,0.068504,2
2110,2.487772,-0.071249,6
2112,2.024439,-0.018814,6
2114,2.891517,0.030004,9
2115,3.090845,0.07086,5
2116,3.232462,0.063295,2
2117,3.724501,-0.008254,2
2118,2.271182,-0.040393,1
2119,2.721304,-0.012866,15
2120,3.153744,0.064436,9
2121,4.186895,0.064771,25
2122,2.342069,-0.063917,14
2123,3.824498,-0.04839,6
2125,3.839926,-0.036006,1
2126,2.947079,0.052165,3
2127,2.534755,-0.07488,1
2128,1.882424,0.015676,1
2130,4.143157,0.105008,25
2131,2.944486,0.035967,10
2132,2.062577,-0.002479,1
2133,3.93947,-0.086669,12
2134,4.038107,-0.095394,7
2135,2.756978,-0.008612,15
2136,3.676772,-0.011253,6
2137,3.521217,0.029814,6
2138,3.893212,-0.072648,10
2139,2.702587,-0.030184,5
2140,2.925566,0.028972,20
2141,3.865088,-0.074719,13
2143,1.703084,-0.019258,1
2144,2.679079,-0.01662,11
2145,2.17683,-0.04719,1
2146,3.567488,0.011011,5
2148,4.201552,-0.094331,2
2149,3.246283,0.085698,1
2150,2.062577,-0.002479,10
2151,2.940132,0.022,10
2156,2.594144,-0.047869,11
2158,2.477987,-0.055868,11
2161,3.232462,0.063295,15
2163,3.420489,0.059526,3
2164,1.766806,0.000863,2
2165,4.180954,0.041195,19
2166,2.91247,0.019147,15
2167,2.505241,-0.047404,1
2168,4.266478,-0.044714,15
2170,4.190997,0.029824,17
2171,2.411105,-0.065368,10
2172,3.864645,-0.079151,10
2175,2.622676,-0.045316,1
2176,3.35791,0.057924,12
2177,2.702028,-0.034093,1
2178,4.109703,-0.075168,19
2179,3.46822,0.02196,14
2180,4.185973,-0.079629,6
2181,1.766806,0.000863,2
2182,2.702587,-0.030184,1
2184,1.848081,0.006183,7
2185,3.457656,0.012895,1
2186,2.964618,0.037608,15
2187,3.666244,-0.031588,11
2188,3.691955,-0.024986,4
2190,2.271182,-0.040393,4
2191,4.064018,-0.074441,1
2193,1.882424,0.015676,4
2194,2.622676,-0.045316,5
2196,4.134979,0.080987,1
2197,1.659113,-0.059005,5
2199,2.504173,-0.067785,1
2203,3.457656,0.012895,8
2204,4.038107,-0.095394,2
2205,3.567488,0.011011,5
2207,1.621657,-0.073826,15
2208,2.505241,-0.047404,1
2209,3.802657,-0.078892,4
2210,1.822496,0.024556,1
2211,2.210231,-0.038944,8
2212,1.637741,-0.054918,15
2214,4.080482,-0.064392,1
2215,2.378292,-0.062044,3
2216,3.414015,0.028823,9
2217,3.153744,0.064436,6
2218,2.702028,-0.034093,12
2219,1.77721,0.002664,3
2220,2.891517,0.030004,11
2221,4.134979,0.080987,3
2222,1.929005,0.002333,11
2223,2.040003,-0.010849,1
2224,2.504173,-0.067785,3
2225,1.669168,-0.058037,13
2226,2.944486,0.035967,13
2227,2.062577,-0.002479,3
2229,2.702587,-0.030184,11
2230,2.940132,0.022,11
2231,1.747505,-0.021443,14
2232,2.320992,-0.061228,3
2234,2.271182,-0.040393,1
2235,4.185973,-0.079629,5
2236,1.882424,0.015676,4
2237,1.766806,0.000863,1
2238,3.893212,-0.072648,12
2239,2.487772,-0.071249,10
2240,3.865088,-0.074719,3
2242,4.064018,-0.074441,3
2243,1.704342,-0.03681,13
2244,2.472779,-0.078629,4
2246,2.342069,-0.063917,2
2247,2.602214,-0.071786,7
2248,2.544457,-0.083753,1
2249,1.659113,-0.059005,13
2250,4.147238,0.111876,10
2252,1.848081,0.006183,11
2253,2.024439,-0.018814,13
2254,4.038107,-0.095394,10
2255,4.134979,0.080987,6
2256,3.824498,-0.04839,6
2257,3.090845,0.07086,1
2258,2.388373,-0.06967,1
2260,2.271182,-0.040393,6
2262,3.708482,-0.020409,10
2263,2.062577,-0.002479,1
2264,3.93947,-0.086669,9
2265,3.691955,-0.024986,10
2266,2.106583,-0.019049,12
2268,2.534755,-0.07488,6
2269,2.124811,-0.029209,12
2270,3.676772,-0.011253,10
2271,2.504173,-0.067785,7
2272,2.616659,-0.075869,1
2273,2.378292,-0.062044,14
2274,2.411105,-0.065368,8
2276,2.388373,-0.06967,7
2277,2.320992,-0.061228,8
2279,3.153744,0.064436,7
2280,3.35791,0.057924,10
2282,2.040003,-0.010849,10
2284,3.864645,-0.079151,6
2285,2.91247,0.019147,9
2286,4.266478,-0.044714,5
2287,2.721304,-0.012866,9
2289,3.521217,0.029814,10
2292,1.766806,0.000863,1
2293,3.865088,-0.074719,5
2294,2.622676,-0.045316,9
2295,4.257427,0.014598,5
2296,3.46822,0.02196,1
2297,2.17683,-0.04719,1
2298,3.420489,0.059526,6
2299,2.342069,-0.063917,3
2301,3.666244,-0.031588,1
2302,3.090845,0.07086,2
2303,3.232462,0.063295,6
2304,2.925566,0.028972,5
2305,2.477987,-0.055868,10
2307,2.964618,0.037608,4
2308,2.756978,-0.008612,8
2309,2.594144,-0.047869,8
2310,4.206473,0.082543,11
2311,2.891517,0.030004,3
2312,1.929005,0.002333,3
2317,2.940132,0.022,6
2319,2.210231,-0.038944,7
2320,4.165794,0.130455,6
2321,4.147238,0.111876,31
2323,4.206274,0.095502,10
2324,4.080482,-0.064392,2
2326,2.505241,-0.047404,7
2327,3.824498,-0.04839,2
2328,2.320992,-0.061228,6
2329,1.703084,-0.019258,6
2330,1.90653,0.023501,6
2331,4.113471,0.140968,10
2332,2.743844,0.003238,1
2333,2.702587,-0.030184,9
2334,2.702028,-0.034093,8
2335,1.77721,0.002664,5
2337,1.822496,0.024556,3
2338,3.724501,-0.008254,4
2340,3.764451,-0.012761,3
2342,1.704342,-0.03681,4
2343,2.411105,-0.065368,4
2346,3.420489,0.059526,1
2347,1.882424,0.015676,1
2348,4.099837,0.137827,9
2349,1.766806,0.000863,4
2350,3.567488,0.011011,2
2351,3.708482,-0.020409,1
2352,2.837647,-0.012162,1
2353,3.414015,0.028823,1
2354,1.747505,-0.021443,5
2355,3.061227,0.01934,9
2356,2.721304,-0.012866,4
2357,1.659113,-0.059005,2
2358,4.284906,0.011354,3
2359,4.080482,-0.064392,10
2360,2.166175,-0.005263,5
2361,4.257427,0.014598,5
2362,3.827775,-0.036139,6
2364,2.342069,-0.063917,4
2365,1.969503,0.027134,3
2366,4.288912,0.061347,17
2368,1.882424,0.015676,5
2370,2.622676,-0.045316,7
2371,3.357048,0.016759,7
2372,1.649137,-0.033046,6
2373,4.016905,-0.046125,9
2374,3.011774,0.012315,5
2375,3.839926,-0.036006,5
2376,4.136268,-0.027385,9
2377,3.261869,0.030369,4
2378,3.107201,0.025244,5
2379,1.637741,-0.054918,3
2380,3.521217,0.029814,1
2381,3.201266,0.023684,7
2383,2.837647,-0.012162,3
2384,4.064018,-0.074441,1
2385,3.691955,-0.024986,1
2386,3.724501,-0.008254,10
2387,3.286972,0.033694,2
2389,1.848081,0.006183,3
2390,3.708482,-0.020409,3
2391,2.378292,-0.062044,3
2393,3.457656,0.012895,9
2394,4.300659,0.065879,21
2395,2.062577,-0.002479,11
2396,2.91247,0.019147,11
2397,4.275262,0.066382,16
2398,3.026107,0.006696,2
2399,2.221975,-0.008806,1
2401,1.766806,0.000863,10
2402,3.567488,0.011011,3
2403,4.317685,0.046566,14
2405,3.414015,0.028823,1
2406,1.77721,0.002664,10
2407,3.46822,0.02196,8
2409,2.388373,-0.06967,1
2410,2.320992,-0.061228,7
2411,1.703084,-0.019258,6
2412,3.764451,-0.012761,3
2413,2.594144,-0.047869,8
2414,2.504173,-0.067785,4
2415,4.284906,0.011354,1
2416,2.411105,-0.065368,10
2417,2.940132,0.022,12
2418,3.824498,-0.04839,5
2419,1.90653,0.023501,7
2420,2.040003,-0.010849,4
2421,2.271182,-0.040393,3
2422,3.171876,0.017694,11
2424,3.257561,0.01046,7
2425,3.629072,0.024615,3
2426,2.944486,0.035967,2
2427,2.388373,-0.06967,10
2428,2.210231,-0.038944,7
2429,2.721304,-0.012866,11
2430,3.521217,0.029814,3
2431,4.143157,0.105008,34
2433,2.477987,-0.055868,9
2435,2.964618,0.037608,1
2436,2.342069,-0.063917,9
2437,1.929005,0.002333,1
2438,2.106583,-0.019049,2
2440,3.107201,0.025244,1
2441,1.848081,0.006183,1
2442,3.414015,0.028823,1
2443,2.505241,-0.047404,6
2444,4.206473,0.082543,19
2446,3.839926,-0.036006,7
2448,2.743844,0.003238,3
2450,2.702587,-0.030184,10
2451,4.206274,0.095502,30
2452,2.944486,0.035967,2
2453,3.827775,-0.036139,10
2455,3.026107,0.006696,2
2456,2.756978,-0.008612,10
2458,3.011774,0.012315,8
2459,1.822496,0.024556,2
2460,3.061227,0.01934,11
2461,4.064018,-0.074441,12
2462,3.357048,0.016759,10
2463,4.257427,0.014598,14
2464,2.702028,-0.034093,2
2466,2.271182,-0.040393,8
2467,3.521217,0.029814,1
2468,3.201266,0.023684,6
2469,3.629072,0.024615,2
2470,3.567488,0.011011,10
2471,2.925566,0.028972,10
2472,2.622676,-0.045316,8
2475,4.109703,-0.075168,12
2477,3.764451,-0.012761,5
2478,1.882424,0.015676,5
2479,1.848081,0.006183,5
2482,2.891517,0.030004,5
2486,3.286972,0.033694,1
2487,4.284906,0.011354,1
2488,2.166175,-0.005263,3
2489,3.414015,0.028823,1
2490,3.457656,0.012895,10
2491,3.805768,-0.013525,2
2493,3.46822,0.02196,9
2495,2.679079,-0.01662,1
2496,4.099837,0.137827,4
2498,1.929005,0.002333,2
2499,4.113471,0.140968,3
2500,3.257561,0.01046,6
2501,3.521217,0.029814,2
2502,3.629072,0.024615,1
2505,2.91247,0.019147,5
2508,1.766806,0.000863,2
2509,2.504173,-0.067785,5
2510,4.080482,-0.064392,5
2512,2.320992,-0.061228,4
2513,1.969503,0.027134,2
2515,3.839926,-0.036006,9
2516,3.724501,-0.008254,9
2518,2.594144,-0.047869,4
2520,2.263239,-0.01107,3
2521,2.472779,-0.078629,4
2522,2.226696,0.002829,3
2524,1.747505,-0.021443,1
2525,1.703084,-0.019258,3
2526,2.221975,-0.008806,3
2530,2.505241,-0.047404,2
2531,2.342069,-0.063917,4
2532,3.261869,0.030369,4
2533,3.107201,0.025244,8
2534,3.764451,-0.012761,6
2535,3.201266,0.023684,9
2536,1.848081,0.006183,3
2537,2.944486,0.035967,8
2538,2.02939,0.030334,4
2539,1.90653,0.023501,9
2541,1.766806,0.000863,9
2543,2.622676,-0.045316,1
2544,3.827775,-0.036139,7
2546,2.679079,-0.01662,2
2547,2.77095,0.02168,4
2549,1.882424,0.015676,8
2550,2.378292,-0.062044,1
2551,3.414015,0.028823,1
2552,2.964618,0.037608,6
2554,2.870018,0.053449,3
2556,3.824498,-0.04839,1
2557,2.388373,-0.06967,6
2558,1.969503,0.027134,8
2559,2.947079,0.052165,3
2560,1.703084,-0.019258,2
2562,2.271182,-0.040393,5
2563,2.685647,-0.001381,4
2564,2.743844,0.003238,1
2565,2.835077,0.043194,5
2567,2.487772,-0.071249,4
2568,3.357048,0.016759,6
2570,2.770457,0.025557,6
2571,1.77721,0.002664,8
2572,3.171876,0.017694,5
2573,2.594033,-0.024594,5
2575,2.574433,-0.03152,5
2576,3.567488,0.011011,6
2577,2.504173,-0.067785,3
2578,4.284906,0.011354,1
2579,4.080482,-0.064392,5
2580,3.805768,-0.013525,1
2581,2.226696,0.002829,4
2582,4.275262,0.066382,1
2583,2.342069,-0.063917,6
2584,3.415152,0.001695,1
2585,4.288912,0.061347,3
2587,1.848081,0.006183,8
2588,2.378292,-0.062044,3
2589,3.457656,0.012895,6
2590,2.505241,-0.047404,4
2592,2.221975,-0.008806,3
2593,3.676772,-0.011253,3
2594,2.065892,0.036728,1
2596,3.708482,-0.020409,2
2597,2.263239,-0.01107,2
2598,4.300659,0.065879,1
2599,4.016905,-0.046125,5
2600,4.275262,0.066382,28
2601,1.747505,-0.021443,1
2602,1.703084,-0.019258,4
2603,3.061227,0.01934,2
2605,2.477987,-0.055868,2
2607,3.805768,-0.013525,5
2608,2.61867,-0.00266,2
2609,2.77095,0.02168,3
2610,3.764451,-0.012761,5
2611,3.429441,3.8e-05,3
2613,2.166175,-0.005263,4
2614,2.891517,0.030004,4
2616,2.320992,-0.061228,6
2617,4.288912,0.061347,12
2618,3.724501,-0.008254,4
2619,3.261869,0.030369,3
2621,2.472779,-0.078629,5
2622,4.257427,0.014598,28
2623,4.316811,0.112609,20
2624,4.109703,-0.075168,6
2625,3.839926,-0.036006,6
2626,2.271182,-0.040393,5
2627,3.171876,0.017694,2
2628,3.107201,0.025244,3
2629,4.147238,0.111876,43
2630,2.743844,0.003238,3
2631,2.574433,-0.03152,5
2632,2.925566,0.028972,5
2633,3.357048,0.016759,6
2634,4.300659,0.065879,2
2635,2.964618,0.037608,2
2636,2.940132,0.022,4
2637,1.822496,0.024556,4
2638,2.594033,-0.024594,5
2639,1.882424,0.015676,7
2640,3.201266,0.023684,7
2641,2.487772,-0.071249,5
2642,4.080482,-0.064392,4
2643,2.062577,-0.002479,5
2644,2.106583,-0.019049,1
2646,2.685647,-0.001381,2
2647,3.257561,0.01046,8
2649,3.429441,3.8e-05,7
2650,3.567488,0.011011,4
2651,2.378292,-0.062044,5
2654,3.415152,0.001695,8
2657,4.302808,0.098198,27
2658,4.064018,-0.074441,9
2659,2.411105,-0.065368,1
2660,4.206473,0.082543,1
2661,2.342069,-0.063917,11
2662,2.891517,0.030004,8
2663,4.134979,0.080987,4
2664,3.824498,-0.04839,1
2665,2.388373,-0.06967,11
2666,2.690427,0.015925,7
2667,1.90653,0.023501,9
2668,3.061227,0.01934,9
2669,2.77095,0.02168,10
2670,3.171876,0.017694,9
2671,3.708482,-0.020409,9
2672,2.166175,-0.005263,1
2673,2.944486,0.035967,4
2674,4.300659,0.065879,1
2675,2.770457,0.025557,8
2676,2.964618,0.037608,3
2679,2.106583,-0.019049,3
2681,3.107201,0.025244,10
2682,4.185973,-0.079629,12
2683,3.676772,-0.011253,4
2684,2.504173,-0.067785,4
2685,3.827775,-0.036139,9
2688,1.77721,0.002664,8
2690,2.320992,-0.061228,9
2691,1.766806,0.000863,8
2692,4.109703,-0.075168,9
2693,3.824498,-0.04839,4
2694,1.969503,0.027134,6
2695,2.210231,-0.038944,3
2696,2.124811,-0.029209,1
2697,2.271182,-0.040393,5
2698,2.594033,-0.024594,7
2700,2.574433,-0.03152,7
2701,4.300659,0.065879,3
2703,3.839926,-0.036006,7
2706,2.378292,-0.062044,10
2707,2.411105,-0.065368,7
2708,2.91247,0.019147,1
2709,3.666244,-0.031588,5
2710,1.822496,0.024556,2
2711,2.487772,-0.071249,8
2712,2.925566,0.028972,3
2713,3.357048,0.016759,9
2714,2.062577,-0.002479,7
2715,2.61867,-0.00266,1
2716,3.691955,-0.024986,6
2717,4.080482,-0.064392,5
2718,3.484148,-0.014598,3
2719,4.201552,-0.094331,14
2720,2.472779,-0.078629,7
2721,2.964618,0.037608,5
2725,1.882424,0.015676,6
2727,1.783832,0.024873,1
2728,1.822496,0.024556,1
2729,3.257561,0.01046,8
2732,2.690427,0.015925,4
2736,2.271182,-0.040393,3
2738,3.429441,3.8e-05,3
2739,2.925566,0.028972,6
2740,4.300659,0.065879,6
2742,1.969503,0.027134,3
2743,3.415152,0.001695,2
2745,3.764451,-0.012761,6
2746,3.201266,0.023684,4
2747,1.848081,0.006183,3
2748,4.206274,0.095502,2
2750,4.064018,-0.074441,6
2752,2.210231,-0.038944,1
2753,3.676772,-0.011253,4
2754,2.685647,-0.001381,2
2755,2.940132,0.022,2
2758,2.320992,-0.061228,4
2760,2.743844,0.003238,1
2761,1.766806,0.000863,3
2763,2.574433,-0.03152,3
2764,4.143157,0.105008,25
2765,2.504173,-0.067785,2
2766,3.457656,0.012895,4
2767,3.827775,-0.036139,2
2768,3.805768,-0.013525,5
2769,2.91247,0.019147,1
2770,2.342069,-0.063917,9
2772,2.388373,-0.06967,7
2773,3.011774,0.012315,1
2774,1.822496,0.024556,6
2776,4.288912,0.061347,18
2777,3.171876,0.017694,4
2778,4.165794,0.130455,3
2780,3.567488,0.011011,8
2781,4.080482,-0.064392,6
2783,2.944486,0.035967,2
2784,2.770457,0.025557,5
2785,2.411105,-0.065368,8
2786,2.106583,-0.019049,4
2787,3.839926,-0.036006,2
2789,2.77095,0.02168,8
2790,2.594033,-0.024594,5
2791,3.429441,3.8e-05,1
2792,2.472779,-0.078629,2
2793,2.964618,0.037608,1
2794,4.016905,-0.046125,5
2795,2.891517,0.030004,4
2796,1.783832,0.024873,4
2797,4.274438,0.124754,18
2798,1.90653,0.023501,5
2799,3.724501,-0.008254,6
2800,2.124811,-0.029209,7
2801,3.107201,0.025244,6
2802,1.882424,0.015676,9
2803,2.504173,-0.067785,3
2804,2.487772,-0.071249,2
2805,3.357048,0.016759,8
2806,2.062577,-0.002479,3
2807,2.91247,0.019147,8
2808,2.61867,-0.00266,1
2809,3.46822,0.02196,5
2810,1.969503,0.027134,2
2812,2.271182,-0.040393,1
2813,2.940132,0.022,7
2814,2.685647,-0.001381,3
2815,2.378292,-0.062044,4
2816,3.827775,-0.036139,6
2819,2.187472,-0.056012,4
2820,3.061227,0.01934,8
2821,3.261869,0.030369,3
2822,2.17683,-0.04719,4
2823,3.257561,0.01046,1
2824,3.521217,0.029814,1
2826,1.848081,0.006183,7
2827,4.206274,0.095502,2
2828,2.218929,-0.06687,3
2829,4.316811,0.112609,11
2830,4.109703,-0.075168,4
2831,4.234157,-0.084472,11
2832,3.839926,-0.036006,7
2833,2.040003,-0.010849,4
2834,3.764451,-0.012761,7
2835,3.676772,-0.011253,1
2836,3.201266,0.023684,5
2837,2.574433,-0.03152,7
2838,2.477987,-0.055868,5
2839,3.414015,0.028823,6
2840,3.457656,0.012895,1
2841,4.300659,0.065879,8
2842,3.026107,0.006696,2
2843,2.61867,-0.00266,4
2844,1.929005,0.002333,4
2845,2.690427,0.015925,5
2847,4.064018,-0.074441,5
2848,2.062577,-0.002479,6
2849,3.805768,-0.013525,3
2850,4.165794,0.130455,4
2851,3.257561,0.01046,5
2853,1.77721,0.002664,3
2854,3.46822,0.02196,5
2855,2.210231,-0.038944,7
2856,3.171876,0.017694,6
2857,3.107201,0.025244,6
2858,2.594033,-0.024594,4
2859,3.676772,-0.011253,2
2860,3.567488,0.011011,6
2862,4.275262,0.066382,9
2863,2.891517,0.030004,5
2864,1.783832,0.024873,2
2865,2.106583,-0.019049,5
2866,3.011774,0.012315,1
2867,4.266478,-0.044714,10
2869,2.124811,-0.029209,5
2874,2.770457,0.025557,4
2875,2.320992,-0.061228,10
2876,2.77095,0.02168,5
2877,2.378292,-0.062044,8
2878,4.257427,0.014598,6
2879,4.038107,-0.095394,6
2880,2.411105,-0.065368,4
2881,3.261869,0.030369,6
2882,2.594144,-0.047869,2
2884,3.521217,0.029814,1
2885,1.766806,0.000863,4
2886,2.504173,-0.067785,2
2887,2.925566,0.028972,5
2888,2.472779,-0.078629,1
2889,2.91247,0.019147,5
2891,1.969503,0.027134,6
2893,2.02939,0.030334,1
2894,1.90653,0.023501,9
2895,3.724501,-0.008254,4
2896,2.17683,-0.04719,2
2897,4.284906,0.011354,2
2898,3.357048,0.016759,6
2899,3.457656,0.012895,2
2900,3.827775,-0.036139,4
2901,2.342069,-0.063917,8
2902,1.77721,0.002664,4
2904,3.824498,-0.04839,2
2905,1.929005,0.002333,1
2907,2.679079,-0.01662,9
2909,3.201266,0.023684,2
2910,2.944486,0.035967,1
2911,3.484148,-0.014598,3
2912,3.93947,-0.086669,1
2913,3.839926,-0.036006,3
2914,3.764451,-0.012761,2
2915,3.676772,-0.011253,3
2916,2.685647,-0.001381,3
2917,1.882424,0.015676,8
2918,3.893212,-0.072648,1
2919,3.429441,3.8e-05,3
2920,2.574433,-0.03152,7
2921,2.477987,-0.055868,8
2922,4.201552,-0.094331,6
2923,2.964618,0.037608,1
2924,2.505241,-0.047404,7
2928,2.743844,0.003238,9
2929,3.286972,0.033694,4
2931,4.300659,0.065879,3
2932,3.93947,-0.086669,3
2933,2.940132,0.022,8
2934,3.824498,-0.04839,6
2936,3.691955,-0.024986,5
2937,3.061227,0.01934,1
2938,2.721304,-0.012866,10
2939,3.107201,0.025244,8
2940,2.594144,-0.047869,1
2941,2.944486,0.035967,2
2942,2.891517,0.030004,3
2943,3.666244,-0.031588,11
2944,1.929005,0.002333,13
2946,2.210231,-0.038944,8
2947,4.210205,0.135787,15
2949,4.302808,0.098198,2
2950,3.893212,-0.072648,8
2951,1.848081,0.006183,12
2952,2.925566,0.028972,3
2953,3.457656,0.012895,1
2954,2.964618,0.037608,1
2955,4.225779,0.144999,16
2956,2.756978,-0.008612,4
2958,1.822496,0.024556,11
2959,2.594033,-0.024594,4
2961,4.284906,0.011354,3
2962,3.708482,-0.020409,2
2963,3.484148,-0.014598,8
2964,2.062577,-0.002479,5
2966,2.106583,-0.019049,3
2967,3.415152,0.001695,9
2968,4.288912,0.061347,2
2969,3.261869,0.030369,6
2970,2.124811,-0.029209,3
2972,3.429441,3.8e-05,10
2973,4.257427,0.014598,1
2974,4.300659,0.065879,1
2975,4.038107,-0.095394,1
2976,2.91247,0.019147,7
2977,4.275262,0.066382,5
2979,3.061227,0.01934,4
2981,3.286972,0.033694,3
2983,4.109703,-0.075168,3
2984,4.266478,-0.044714,4
2985,4.234157,-0.084472,9
2988,3.201266,0.023684,6
2989,4.064018,-0.074441,2
2990,4.038107,-0.095394,9
2991,4.288912,0.061347,20
2992,4.165794,0.130455,12
2993,2.594144,-0.047869,8
2994,4.185973,-0.079629,6
2997,3.865088,-0.074719,6
2998,2.622676,-0.045316,9
2999,2.472779,-0.078629,1
3000,3.93947,-0.086669,8
3001,4.284639,-0.078033,16
3002,2.411105,-0.065368,6
3004,2.756978,-0.008612,8
3005,2.320992,-0.061228,4
3007,1.969503,0.027134,1
3008,2.534755,-0.07488,3
3009,2.271182,-0.040393,1
3010,4.302808,0.098198,10
3011,4.201552,-0.094331,7
3012,4.300659,0.065879,9
3013,2.388373,-0.06967,5
3014,3.691955,-0.024986,9
3015,2.040003,-0.010849,6
3016,2.124811,-0.029209,8
3017,2.17683,-0.04719,4
3018,1.882424,0.015676,10
3019,4.280778,-0.07585,12
3020,2.487772,-0.071249,3
3022,2.378292,-0.062044,8
3023,3.357048,0.016759,7
3024,2.944486,0.035967,3
3026,3.457656,0.012895,2
3027,3.864645,-0.079151,4
3028,2.964618,0.037608,3
3029,1.90653,0.023501,2
3031,2.940132,0.022,11
3032,3.824498,-0.04839,7
3033,4.266478,-0.044714,4
3034,2.210231,-0.038944,1
3035,2.679079,-0.01662,7
3036,2.743844,0.003238,7
3037,3.893212,-0.072648,5
3038,2.504173,-0.067785,6
3041,2.342069,-0.063917,6
3042,2.891517,0.030004,3
3043,2.106583,-0.019049,6
3044,2.187472,-0.056012,1
3046,3.261869,0.030369,5
3047,3.286972,0.033694,5
3048,2.91247,0.019147,9
3049,4.274438,0.124754,2
3050,2.210231,-0.038944,8
3051,3.107201,0.025244,10
3052,4.099837,0.137827,9
3053,2.925566,0.028972,3
3054,2.477987,-0.055868,6
3055,2.062577,-0.002479,7
3056,4.275262,0.066382,13
3058,2.721304,-0.012866,4
3059,3.201266,0.023684,3
3061,3.827775,-0.036139,6
3062,2.702028,-0.034093,2
3063,2.388373,-0.06967,2
3065,3.839926,-0.036006,5
3066,1.90653,0.023501,8
3068,3.676772,-0.011253,1
3069,2.487772,-0.071249,2
3070,1.848081,0.006183,4
3071,4.284906,0.011354,12
3072,2.411105,-0.065368,7
3073,3.666244,-0.031588,8
3074,1.929005,0.002333,3
3075,4.274438,0.124754,11
3077,4.266478,-0.044714,2
3078,1.822496,0.024556,5
3080,3.171876,0.017694,8
3081,4.064018,-0.074441,4
3082,4.279529,-0.093817,3
3084,4.109703,-0.075168,4
3085,3.061227,0.01934,7
3087,2.594144,-0.047869,4
3088,3.484148,-0.014598,8
3089,4.201552,-0.094331,1
3091,2.320992,-0.061228,4
3093,4.234157,-0.084472,6
3094,3.415152,0.001695,12
3095,4.113471,0.140968,9
3097,3.708482,-0.020409,7
3098,2.622676,-0.045316,6
3099,2.770457,0.025557,1
3100,2.891517,0.030004,6
3101,2.388373,-0.06967,6
3103,2.77095,0.02168,5
3104,2.124811,-0.029209,9
3105,2.721304,-0.012866,7
3107,3.257561,0.01046,4
3109,2.925566,0.028972,11
3110,2.378292,-0.062044,14
3113,4.201552,-0.094331,1
3115,3.824498,-0.04839,5
3116,2.106583,-0.019049,6
3118,2.534755,-0.07488,1
3119,4.050161,0.14665,12
3122,3.691955,-0.024986,9
3123,4.198203,0.174579,2
3125,2.679079,-0.01662,11
3126,2.040003,-0.010849,10
3128,2.743844,0.003238,13
3129,2.477987,-0.055868,14
3130,2.062577,-0.002479,1
3132,2.964618,0.037608,2
3133,2.342069,-0.063917,12
3134,1.969503,0.027134,6
3135,3.839926,-0.036006,8
3136,2.210231,-0.038944,9
3137,2.594144,-0.047869,13
3138,4.185973,-0.079629,19
3139,3.201266,0.023684,16
3140,3.429441,3.8e-05,12
3141,2.504173,-0.067785,4
3143,4.166878,0.162731,9
3144,4.225779,0.144999,1
3146,4.280778,-0.07585,9
3148,4.064018,-0.074441,4
3149,3.357048,0.016759,13
3150,2.024439,-0.018814,3
3152,3.827775,-0.036139,7
3153,2.505241,-0.047404,8
3154,2.940132,0.022,14
3155,4.109703,-0.075168,7
3156,4.027375,0.142149,19
3158,3.257561,0.01046,7
3159,4.099837,0.137827,11
3161,4.300659,0.065879,4
3162,4.142243,0.16613,30
3163,2.17683,-0.04719,7
3164,3.676772,-0.011253,1
3165,1.859202,0.09299,3
3166,1.876471,0.099306,3
3167,4.284639,-0.078033,4
3169,3.666244,-0.031588,16
3170,3.824498,-0.04839,7
3171,3.061227,0.01934,5
3174,1.947801,0.041408,2
3175,2.944486,0.035967,3
3176,3.484148,-0.014598,6
3177,2.411105,-0.065368,11
3178,2.964618,0.037608,3
3180,2.891517,0.030004,7
3181,4.198203,0.174579,14
3182,2.77095,0.02168,3
3183,3.171876,0.017694,13
3184,3.107201,0.025244,13
3185,4.201552,-0.094331,2
3186,1.9013,0.097448,4
3187,2.062577,-0.002479,2
3188,2.106583,-0.019049,1
3189,4.234157,-0.084472,10
3191,3.893212,-0.072648,2
3193,1.926368,0.08877,2
3194,3.457656,0.012895,1
3195,4.038107,-0.095394,5
3196,4.275262,0.066382,5
3197,2.320992,-0.061228,4
3200,3.676772,-0.011253,1
3201,4.300659,0.065879,3
3203,2.91247,0.019147,13
3204,2.756978,-0.008612,14
3205,4.274438,0.124754,7
3207,2.326105,-0.082499,1
3208,2.504173,-0.067785,2
3209,2.622676,-0.045316,6
3210,1.947801,0.041408,3
3211,4.264719,0.1933,7
3213,1.969503,0.027134,6
3214,2.187472,-0.056012,8
3215,3.415152,0.001695,11
3216,4.288912,0.061347,3
3218,3.893212,-0.072648,10
3219,3.865088,-0.074719,7
3220,1.926368,0.08877,6
3222,2.218929,-0.06687,9
3223,3.457656,0.012895,3
3224,3.864645,-0.079151,7
3225,3.691955,-0.024986,5
3226,3.061227,0.01934,8
3227,2.040003,-0.010849,6
3228,2.102806,-0.054655,8
3229,3.676772,-0.011253,1
3230,2.702587,-0.030184,13
3232,4.166878,0.162731,7
3233,3.011774,0.012315,4
3235,4.050161,0.14665,16
3236,4.113471,0.140968,2
3237,3.257561,0.01046,1
3238,2.487772,-0.071249,7
3242,4.201552,-0.094331,4
3243,1.9013,0.097448,6
3244,1.955356,0.066287,4
3245,2.505241,-0.047404,1
3246,3.026107,0.006696,1
3247,2.721304,-0.012866,5
3251,2.504173,-0.067785,7
3252,4.284906,0.011354,4
3253,4.129776,0.178397,11
3254,3.484148,-0.014598,7
3255,4.275262,0.066382,6
3256,2.342069,-0.063917,4
3257,4.166713,0.186911,20
3258,2.388373,-0.06967,6
3259,4.249304,0.209804,2
3260,3.261869,0.030369,7
3263,3.429441,3.8e-05,10
3264,2.944486,0.035967,3
3265,3.612259,-0.046322,1
3267,2.891517,0.030004,3
3268,4.288912,0.061347,11
3270,2.925566,0.028972,3
3271,4.038107,-0.095394,10
3272,2.702028,-0.034093,11
3273,4.266478,-0.044714,7
3275,2.378292,-0.062044,1
3276,2.024439,-0.018814,5
3278,4.274438,0.124754,11
3280,3.286972,0.033694,2
3281,2.472779,-0.078629,1
3282,2.411105,-0.065368,7
3283,3.824498,-0.04839,6
3284,4.249304,0.209804,62
3285,2.320992,-0.061228,4
3286,2.602214,-0.071786,7
3287,2.534755,-0.07488,7
3289,3.257561,0.01046,3
3290,2.08218,-0.056848,7
3291,4.284906,0.011354,4
3293,3.827775,-0.036139,2
3295,2.940132,0.022,9
3296,3.691955,-0.024986,8
3297,1.969503,0.027134,3
3299,1.926368,0.08877,5
3300,3.357048,0.016759,6
3301,2.944486,0.035967,2
3302,2.964618,0.037608,2
3303,4.264719,0.1933,14
3304,2.342069,-0.063917,2
3305,2.891517,0.030004,4
3306,2.102806,-0.054655,7
3307,1.947801,0.041408,1
3308,2.218929,-0.06687,15
3309,3.457656,0.012895,9
3310,1.955356,0.066287,4
3311,3.011774,0.012315,5
3312,2.17683,-0.04719,1
3313,4.185973,-0.079629,5
3314,3.893212,-0.072648,6
3315,2.504173,-0.067785,9
3317,3.708482,-0.020409,9
3319,4.275262,0.066382,3
3320,2.388373,-0.06967,9
3321,2.187472,-0.056012,3
3323,2.040003,-0.010849,6
3325,3.257561,0.01046,8
3326,2.616659,-0.075869,5
3327,2.944486,0.035967,1
3328,4.166878,0.162731,8
3329,4.300659,0.065879,14
3332,3.171876,0.017694,6
3333,3.107201,0.025244,5
3334,4.099837,0.137827,8
3335,3.93947,-0.086669,3
3336,3.666244,-0.031588,2
3337,4.198203,0.174579,4
3338,3.061227,0.01934,4
3340,3.676772,-0.011253,6
3341,4.317685,0.046566,15
3342,3.484148,-0.014598,1
3343,2.472779,-0.078629,2
3344,2.91247,0.019147,4
3345,2.342069,-0.063917,9
3346,3.026107,0.006696,1
3347,3.824498,-0.04839,9
3348,4.113471,0.140968,6
3349,4.302808,0.098198,18
3350,2.702587,-0.030184,5
3351,2.062577,-0.002479,2
3352,4.266478,-0.044714,4
3353,3.415152,0.001695,9
3354,2.08218,-0.056848,5
3355,2.487772,-0.071249,2
3356,2.925566,0.028972,8
3357,1.968418,0.079605,6
3360,1.971176,0.074932,6
3361,2.891517,0.030004,7
3362,4.109703,-0.075168,3
3364,2.187472,-0.056012,6
3365,2.721304,-0.012866,10
3366,3.429441,3.8e-05,8
3367,4.064018,-0.074441,8
3368,2.378292,-0.062044,6
3369,2.944486,0.035967,5
3371,1.955356,0.066287,17
3373,2.756978,-0.008612,7
3376,3.724501,-0.008254,2
3377,4.185973,-0.079629,3
3379,2.062577,-0.002479,14
3380,4.038107,-0.095394,2
3381,3.827775,-0.036139,7
3382,2.940132,0.022,9
3383,4.274438,0.124754,10
3385,3.261869,0.030369,2
3386,4.050161,0.14665,81
3387,2.594144,-0.047869,9
3388,2.102806,-0.054655,9
3389,4.337227,-0.040226,1
3391,4.027375,0.142149,80
3392,2.02939,0.030334,3
3393,4.288912,0.061347,1
3394,2.679079,-0.01662,5
3395,2.040003,-0.010849,8
3396,2.622676,-0.045316,8
3398,3.484148,-0.014598,5
3400,2.411105,-0.065368,3
3401,2.964618,0.037608,2
3402,2.91247,0.019147,8
3403,3.666244,-0.031588,5
3404,3.691955,-0.024986,5
3405,3.107201,0.025244,4
3406,2.743844,0.003238,4
3409,2.477987,-0.055868,8
3410,2.320992,-0.061228,8
3411,4.198203,0.174579,1
3412,4.266478,-0.044714,7
3413,3.171876,0.017694,7
3414,3.201266,0.023684,6
3417,2.505241,-0.047404,8
3418,2.702028,-0.034093,1
3419,4.109703,-0.075168,8
3422,4.185973,-0.079629,2
3424,4.129776,0.178397,79
3425,4.337227,-0.040226,2
3426,3.011774,0.012315,3
3427,2.187472,-0.056012,7
3428,3.839926,-0.036006,2
3429,3.708482,-0.020409,6
3430,2.702028,-0.034093,3
3431,2.891517,0.030004,1
3432,2.02939,0.030334,12
3433,3.061227,0.01934,7
3436,2.925566,0.028972,4
3437,1.968418,0.079605,5
3439,2.388373,-0.06967,1
3440,3.415152,0.001695,5
3442,3.257561,0.01046,6
3444,2.702587,-0.030184,3
3446,3.484148,-0.014598,1
3447,2.218929,-0.06687,2
3448,1.971176,0.074932,4
3449,2.411105,-0.065368,1
3450,4.264719,0.1933,43
3451,2.756978,-0.008612,3
3452,4.142243,0.16613,47
3453,3.764451,-0.012761,3
3454,3.676772,-0.011253,5
3455,3.429441,3.8e-05,4
3456,3.827775,-0.036139,7
3457,4.316811,0.112609,27
3459,3.107201,0.025244,1
3460,2.743844,0.003238,5
3461,3.567488,0.011011,6
3462,2.378292,-0.062044,5
3463,2.342069,-0.063917,6
3464,4.375637,-0.002089,9
3465,3.026107,0.006696,2
3467,3.824498,-0.04839,2
3468,2.679079,-0.01662,4
3469,2.124811,-0.029209,5
3470,2.721304,-0.012866,1
3473,3.457656,0.012895,9
3474,2.940132,0.022,8
3475,4.351339,0.051725,14
3476,2.388373,-0.06967,5
3477,3.011774,0.012315,4
3478,3.724501,-0.008254,9
3479,3.171876,0.017694,6
3480,2.594033,-0.024594,5
3482,2.685647,-0.001381,4
3483,4.317685,0.046566,2
3484,4.080482,-0.064392,8
3485,4.064018,-0.074441,2
3486,3.357048,0.016759,5
3487,4.166713,0.186911,72
3488,2.891517,0.030004,1
3489,3.201266,0.023684,4
3491,3.08829,0.001436,1
3492,4.016905,-0.046125,3
3493,2.91247,0.019147,6
3494,2.756978,-0.008612,4
3495,2.106583,-0.019049,3
3496,2.320992,-0.061228,4
3497,3.839926,-0.036006,7
3499,2.721304,-0.012866,4
3500,3.764451,-0.012761,7
3501,2.925566,0.028972,1
3502,1.968418,0.079605,5
3503,4.390243,0.008568,11
3505,1.971176,0.074932,4
3506,3.026107,0.006696,1
3507,4.094051,-0.051523,3
3508,4.109703,-0.075168,1
3509,3.415152,0.001695,6
3510,2.210231,-0.038944,3
3511,2.271182,-0.040393,4
3512,3.257561,0.01046,6
3513,4.372524,0.012606,1
3514,2.411105,-0.065368,2
3515,3.46822,0.02196,2
3516,3.107201,0.025244,5
3518,4.064018,-0.074441,5
3519,2.505241,-0.047404,4
3520,3.061227,0.01934,4
3521,2.743844,0.003238,4
3522,2.574433,-0.03152,2
3524,2.925566,0.028972,1
3525,1.955356,0.066287,2
3526,4.109703,-0.075168,4
3527,4.198203,0.174579,1
3528,2.679079,-0.01662,1
3529,2.594033,-0.024594,4
3530,4.372524,0.012606,4
3531,2.477987,-0.055868,4
3532,2.342069,-0.063917,5
3534,2.388373,-0.06967,3
3535,3.201266,0.023684,6
3536,3.429441,3.8e-05,2
3538,2.378292,-0.062044,5
3539,2.411105,-0.065368,5
3540,3.805768,-0.013525,3
3541,4.016905,-0.046125,3
3542,2.61867,-0.00266,5
3543,2.106583,-0.019049,5
3544,2.690427,0.015925,1
3546,2.77095,0.02168,5
3547,2.124811,-0.029209,4
3548,3.286972,0.033694,4
3550,3.629072,0.024615,1
3552,2.218929,-0.06687,2
3553,2.940132,0.022,3
3554,4.266478,-0.044714,6
3555,2.187472,-0.056012,5
3556,2.02939,0.030334,2
3557,3.261869,0.030369,4
3558,4.185973,-0.079629,5
3559,4.302808,0.098198,1
3560,3.567488,0.011011,4
3562,2.925566,0.028972,5
3563,3.357048,0.016759,4
3564,2.944486,0.035967,2
3565,2.062577,-0.002479,5
3566,2.964618,0.037608,2
3567,2.505241,-0.047404,6
3568,4.379939,0.039884,9
3570,4.064018,-0.074441,5
3571,3.46822,0.02196,4
3572,2.320992,-0.061228,6
3574,3.724501,-0.008254,2
3575,3.061227,0.01934,4
3576,2.271182,-0.040393,1
3577,2.743844,0.003238,5
3578,3.521217,0.029814,1
3582,4.402387,-0.002996,1
3583,3.457656,0.012895,6
3584,2.770457,0.025557,1
3585,3.827775,-0.036139,1
3586,4.375637,-0.002089,3
3587,4.109703,-0.075168,4
3588,4.198203,0.174579,1
3589,2.690427,0.015925,1
3590,2.17683,-0.04719,5
3591,3.171876,0.017694,3
3592,3.107201,0.025244,4
3593,4.201552,-0.094331,2
3594,3.805768,-0.013525,3
3595,4.016905,-0.046125,2
3596,2.91247,0.019147,3
3597,2.940132,0.022,3
3600,2.574433,-0.03152,3
3601,4.361729,0.070572,9
3603,2.477987,-0.055868,3
3604,2.944486,0.035967,2
3606,2.218929,-0.06687,5
3607,4.341919,0.106065,12
3609,2.040003,-0.010849,4
3611,3.257561,0.01046,1
3612,3.201266,0.023684,3
3613,4.080482,-0.064392,1
3614,3.827775,-0.036139,3
3616,2.342069,-0.063917,6
3618,3.724501,-0.008254,5
3619,2.77095,0.02168,3
3620,3.764451,-0.012761,1
3621,3.629072,0.024615,1
3622,3.708482,-0.020409,2
3623,2.024439,-0.018814,2
3626,4.375637,-0.002089,5
3627,4.366691,0.083603,15
3628,2.61867,-0.00266,2
3629,2.106583,-0.019049,5
3630,1.969503,0.027134,3
3631,2.594033,-0.024594,5
3632,3.676772,-0.011253,3
3633,3.567488,0.011011,4
3634,2.925566,0.028972,4
3635,2.378292,-0.062044,8
3636,3.357048,0.016759,5
3637,4.362266,0.088878,14
3638,4.201552,-0.094331,9
3639,4.109703,-0.075168,4
3640,3.46822,0.02196,3
3641,3.839926,-0.036006,4
3642,2.271182,-0.040393,1
3643,4.185973,-0.079629,4
3644,2.685647,-0.001381,4
3646,4.372524,0.012606,11
3647,2.944486,0.035967,1
3648,2.964618,0.037608,1
3649,4.016905,-0.046125,2
3650,2.940132,0.022,8
3651,2.388373,-0.06967,5
3652,2.320992,-0.061228,8
3653,3.764451,-0.012761,3
3654,3.110805,-0.000825,6
3655,2.477987,-0.055868,8
3656,4.080482,-0.064392,1
3657,3.08829,0.001436,5
3658,2.242793,-0.086259,5
3659,2.411105,-0.065368,9
3660,2.91247,0.019147,7
3664,3.257561,0.01046,9
3665,2.574433,-0.03152,6
3666,2.212308,-0.087013,2
3667,4.390243,0.008568,6
3668,4.064018,-0.074441,2
3670,2.062577,-0.002479,13
3671,4.363461,0.085344,11
3672,2.505241,-0.047404,6
3674,2.02939,0.030334,4
3675,3.061227,0.01934,8
3676,2.218929,-0.06687,1
3677,3.457656,0.012895,4
3678,3.93947,-0.086669,4
3679,3.026107,0.006696,6
3680,2.756978,-0.008612,6
3681,3.824498,-0.04839,5
3682,3.46822,0.02196,1
3683,3.011774,0.012315,8
3684,2.187472,-0.056012,10
3685,4.234157,-0.084472,1
3686,4.424351,0.041659,1
3687,2.679079,-0.01662,6
3688,2.721304,-0.012866,6
3690,3.676772,-0.011253,7
3691,2.743844,0.003238,4
3692,3.429441,3.8e-05,1
3693,3.708482,-0.020409,6
3695,2.342069,-0.063917,9
3697,2.106583,-0.019049,11
3698,4.266478,-0.044714,6
3699,3.893212,-0.072648,3
3700,3.567488,0.011011,2
3701,2.212308,-0.087013,1
3703,4.109703,-0.075168,6
3704,3.691955,-0.024986,3
3705,4.198203,0.174579,2
3707,2.124811,-0.029209,15
3709,4.361729,0.070572,2
3711,2.218929,-0.06687,7
3712,3.415152,0.001695,12
3713,2.17683,-0.04719,15
3715,2.837647,-0.012162,9
3716,4.064018,-0.074441,9
3717,3.484148,-0.014598,3
3718,2.594144,-0.047869,11
3719,4.185973,-0.079629,2
3720,3.429441,3.8e-05,11
3721,2.622676,-0.045316,10
3722,2.378292,-0.062044,9
3723,4.234157,-0.084472,12
3724,3.839926,-0.036006,10
3725,4.424351,0.041659,11
3726,3.724501,-0.008254,1
3727,3.171876,0.017694,2
3729,3.08829,0.001436,4
3730,4.201552,-0.094331,11
3731,3.827775,-0.036139,11
3733,4.080482,-0.064392,5
3735,2.242793,-0.086259,1
3736,4.341919,0.106065,7
3738,2.702028,-0.034093,9
3742,2.487772,-0.071249,11
3743,4.390243,0.008568,8
3744,2.411105,-0.065368,10
3745,3.026107,0.006696,5
3746,2.388373,-0.06967,2
3747,3.691955,-0.024986,11
3750,3.110805,-0.000825,3
3752,3.484148,-0.014598,15
3754,4.109703,-0.075168,15
3755,3.824498,-0.04839,15
3756,2.320992,-0.061228,9
3759,3.061227,0.01934,8
3761,3.257561,0.01046,3
3762,2.702587,-0.030184,7
3763,2.504173,-0.067785,9
3764,4.375637,-0.002089,9
3765,4.363238,0.126636,9
3766,3.171876,0.017694,7
3767,3.201266,0.023684,8
3768,4.372524,0.012606,10
3769,3.08829,0.001436,2
3770,3.357048,0.016759,13
3771,2.024439,-0.018814,9
3772,4.337227,-0.040226,1
3773,4.363461,0.085344,3
3774,4.016905,-0.046125,1
3775,2.388373,-0.06967,4
3776,2.040003,-0.010849,11
3777,3.107201,0.025244,11
3778,3.708482,-0.020409,1
3781,4.185973,-0.079629,14
3782,4.080482,-0.064392,7
3784,3.666244,-0.031588,11
3787,4.016905,-0.046125,2
3788,2.940132,0.022,9
3789,2.925566,0.028972,1
3790,2.837647,-0.012162,1
3794,2.342069,-0.063917,9
3795,2.756978,-0.008612,8
3797,3.261869,0.030369,9
3798,2.964618,0.037608,3
3799,2.91247,0.019147,9
3800,2.679079,-0.01662,6
3801,3.429441,3.8e-05,10
3804,2.622676,-0.045316,7
3805,4.166878,0.162731,1
3807,2.210231,-0.038944,1
3808,2.721304,-0.012866,7
3809,4.379939,0.039884,17
3810,3.286972,0.033694,7
3811,4.343645,0.149057,14
3812,2.378292,-0.062044,8
3814,2.472779,-0.078629,2
3816,4.266478,-0.044714,1
3817,2.187472,-0.056012,2
3818,4.234157,-0.084472,8
3819,3.839926,-0.036006,2
3820,2.124811,-0.029209,4
3821,2.925566,0.028972,2
3822,2.062577,-0.002479,3
3825,4.201552,-0.094331,4
3826,3.457656,0.012895,1
3828,4.264719,0.1933,41
3830,4.424351,0.041659,3
3831,2.210231,-0.038944,2
3832,2.594144,-0.047869,8
3834,2.702587,-0.030184,3
3835,2.487772,-0.071249,8
3837,3.708482,-0.020409,8
3838,2.024439,-0.018814,12
3839,2.411105,-0.065368,8
3840,2.106583,-0.019049,11
3841,2.187472,-0.056012,3
3842,3.415152,0.001695,10
3843,2.534755,-0.07488,1
3844,4.363238,0.126636,10
3845,2.17683,-0.04719,8
3846,4.384561,0.1334,10
3847,4.280778,-0.07585,1
3848,2.944486,0.035967,5
3849,2.218929,-0.06687,1
3852,3.827775,-0.036139,7
3853,2.964618,0.037608,5
3854,4.249304,0.209804,30
3856,3.676772,-0.011253,10
3857,4.372524,0.012606,13
3859,2.388373,-0.06967,4
3860,3.691955,-0.024986,4
3861,2.679079,-0.01662,8
3862,2.040003,-0.010849,10
3863,2.062577,-0.002479,3
3864,2.320992,-0.061228,5
3865,2.685647,-0.001381,2
3866,2.743844,0.003238,5
3867,3.201266,0.023684,8
3868,2.925566,0.028972,4
3869,4.064018,-0.074441,8
3870,4.201552,-0.094331,6
3871,2.342069,-0.063917,4
3872,2.891517,0.030004,2
3873,3.824498,-0.04839,1
3876,2.124811,-0.029209,8
3877,2.721304,-0.012866,6
3878,3.107201,0.025244,8
3879,3.257561,0.01046,2
3881,2.504173,-0.067785,3
3882,4.080482,-0.064392,5
3885,4.284639,-0.078033,13
3887,2.940132,0.022,6
3888,3.839926,-0.036006,7
3889,2.210231,-0.038944,7
3891,3.357048,0.016759,6
3892,4.279529,-0.093817,3
3894,2.91247,0.019147,5
3895,3.724501,-0.008254,7
3896,3.171876,0.017694,5
3897,4.280778,-0.07585,13
3898,4.337227,-0.040226,3
3899,2.062577,-0.002479,1
3900,4.142243,0.16613,3
3901,3.061227,0.01934,9
3902,4.185973,-0.079629,8
3903,2.702587,-0.030184,12
3904,2.477987,-0.055868,5
3905,2.622676,-0.045316,11
3908,2.702028,-0.034093,11
3911,4.234157,-0.084472,7
3916,3.484148,-0.014598,1
3917,3.805768,-0.013525,1
3920,2.756978,-0.008612,11
3923,3.429441,3.8e-05,2
3924,2.504173,-0.067785,9
3926,3.457656,0.012895,9
3929,2.17683,-0.04719,8
3932,2.472779,-0.078629,1
3933,3.827775,-0.036139,8
3934,4.109703,-0.075168,7
3935,2.388373,-0.06967,5
3936,4.384561,0.1334,29
3938,2.837647,-0.012162,10
3939,4.288724,0.211935,2
3942,2.342069,-0.063917,9
3943,3.46822,0.02196,4
3944,3.011774,0.012315,4
3945,2.187472,-0.056012,9
3946,3.261869,0.030369,3
3947,2.721304,-0.012866,1
3948,3.764451,-0.012761,4
3949,2.594144,-0.047869,8
3950,3.286972,0.033694,3
3951,3.201266,0.023684,5
3952,3.567488,0.011011,7
3953,3.357048,0.016759,11
3954,2.218929,-0.06687,2
3955,4.016905,-0.046125,2
3956,4.375637,-0.002089,17
3957,2.320992,-0.061228,8
3959,4.424351,0.041659,3
3960,2.534755,-0.07488,4
3961,4.363238,0.126636,16
3962,3.676772,-0.011253,6
3963,4.337227,-0.040226,24
3964,4.201552,-0.094331,9
3965,3.171876,0.017694,14
3967,2.08218,-0.056848,18
3968,3.708482,-0.020409,3
3970,2.378292,-0.062044,14
3971,3.414015,0.028823,1
3972,2.472779,-0.078629,1
3973,3.415152,0.001695,3
3974,2.721304,-0.012866,1
3976,3.521217,0.029814,1
3977,3.839926,-0.036006,7
3979,3.724501,-0.008254,11
3980,2.102806,-0.054655,16
3981,3.110805,-0.000825,8
3982,2.411105,-0.065368,12
3983,3.026107,0.006696,12
3984,4.424351,0.041659,1
3985,4.343645,0.149057,22
3986,4.080482,-0.064392,18
3988,3.08829,0.001436,6
3990,3.46822,0.02196,6
3991,2.388373,-0.06967,10
3992,4.234157,-0.084472,1
3994,3.764451,-0.012761,9
3997,4.372524,0.012606,37
3998,4.279529,-0.093817,5
3999,3.011774,0.012315,10
4000,4.424351,0.041659,3
4001,4.142243,0.16613,4
4002,3.061227,0.01934,1
4003,2.17683,-0.04719,15
4004,2.721304,-0.012866,10
4006,4.185973,-0.079629,16
4007,3.257561,0.01046,9
4008,2.477987,-0.055868,15
4009,4.390243,0.008568,23
4010,2.622676,-0.045316,14
4011,4.064018,-0.074441,3
4012,2.218929,-0.06687,12
4014,2.702028,-0.034093,11
4015,4.234157,-0.084472,15
4016,3.261869,0.030369,2
4017,3.521217,0.029814,2
4018,3.201266,0.023684,8
4019,3.457656,0.012895,12
4022,4.109703,-0.075168,16
4023,2.594144,-0.047869,13
4024,3.676772,-0.011253,1
4025,3.286972,0.033694,1
4027,2.504173,-0.067785,1
4028,4.016905,-0.046125,1
4029,2.91247,0.019147,4
4030,2.505241,-0.047404,12
4031,2.756978,-0.008612,7
4033,2.187472,-0.056012,12
4035,3.676772,-0.011253,11
4036,3.567488,0.011011,7
4037,3.708482,-0.020409,11
4038,4.016905,-0.046125,2
4039,2.940132,0.022,2
4040,4.312319,-0.082987,20
4042,4.064018,-0.074441,1
4043,4.201552,-0.094331,12
4044,4.424351,0.041659,3
4045,3.061227,0.01934,3
4048,3.429441,3.8e-05,6
4050,2.837647,-0.012162,4
4051,3.357048,0.016759,2
4052,4.279529,-0.093817,10
4053,4.402387,-0.002996,1
4054,2.342069,-0.063917,6
4055,4.142243,0.16613,2
4056,2.679079,-0.01662,1
4057,3.110805,-0.000825,10
4058,2.702587,-0.030184,4
4060,3.827775,-0.036139,11
4062,2.320992,-0.061228,7
4066,3.839926,-0.036006,15
4067,2.977444,-0.01211,4
4070,4.027375,0.142149,17
4072,2.826681,-0.034043,2
4073,4.016905,-0.046125,6
4074,4.094051,-0.051523,4
4075,3.691955,-0.024986,1
4076,4.363238,0.126636,9
4080,3.133793,-0.018567,4
4081,3.011157,-0.013075,7
4084,3.46822,0.02196,11
4085,3.415152,0.001695,2
4086,2.868678,-0.041091,8
4089,4.050161,0.14665,15
4092,2.946388,-0.027298,7
4094,4.249304,0.209804,11
4095,3.521217,0.029814,9
4098,2.797531,-0.04755,5
4099,4.379939,0.039884,5
4100,4.364373,-0.038954,1
4101,2.721958,-0.050466,5
4102,2.789619,-0.056421,9
4103,2.487772,-0.071249,8
4104,3.357048,0.016759,6
4105,3.414015,0.028823,2
4106,2.342069,-0.063917,2
4107,4.375637,-0.002089,16
4109,4.142243,0.16613,5
4111,2.826681,-0.034043,3
4112,4.129776,0.178397,9
4113,3.08829,0.001436,9
4114,2.411105,-0.065368,6
4115,2.388373,-0.06967,1
4116,2.602214,-0.071786,5
4117,3.724501,-0.008254,8
4118,2.17683,-0.04719,4
4119,3.171876,0.017694,1
4120,3.764451,-0.012761,5
4121,2.08218,-0.056848,7
4122,2.504173,-0.067785,6
4124,4.147487,0.209479,1
4125,3.457656,0.012895,9
4126,2.534755,-0.07488,8
4128,4.364373,-0.038954,19
4129,4.080482,-0.064392,10
4130,4.064018,-0.074441,1
4131,2.378292,-0.062044,4
4132,2.187472,-0.056012,9
4133,4.234157,-0.084472,6
4134,3.257561,0.01046,3
4135,2.977444,-0.01211,5
4138,3.414015,0.028823,10
4139,4.279529,-0.093817,5
4140,4.201552,-0.094331,13
4141,2.472779,-0.078629,3
4142,2.342069,-0.063917,4
4143,4.109703,-0.075168,13
4145,2.320992,-0.061228,4
4146,3.171876,0.017694,10
4148,4.016905,-0.046125,1
4150,2.388373,-0.06967,5
4151,2.102806,-0.054655,9
4152,3.286972,0.033694,6
4153,3.201266,0.023684,11
4155,2.797531,-0.04755,4
4156,4.337377,-0.106244,16
4157,3.261869,0.030369,5
4158,3.110805,-0.000825,4
4159,3.708482,-0.020409,2
4160,2.745153,-0.066088,6
4161,4.147487,0.209479,8
4162,2.218929,-0.06687,3
4163,3.011157,-0.013075,7
4165,2.889165,-0.049895,1
4167,2.868678,-0.041091,9
4168,4.363238,0.126636,2
4169,4.185973,-0.079629,6
4170,3.676772,-0.011253,2
4171,2.616659,-0.075869,7
4173,2.411105,-0.065368,7
4174,4.264719,0.1933,2
4177,4.384561,0.1334,3
4178,3.764451,-0.012761,8
4180,2.504173,-0.067785,5
4181,2.487772,-0.071249,10
4182,2.472779,-0.078629,1
4184,4.016905,-0.046125,3
4187,2.544457,-0.083753,1
4188,4.171935,0.22758,6
4189,2.721958,-0.050466,1
4190,2.789619,-0.056421,9
4191,3.567488,0.011011,1
4192,2.378292,-0.062044,5
4194,3.357048,0.016759,2
4195,4.279529,-0.093817,5
4196,4.337227,-0.040226,11
4197,3.805768,-0.013525,5
4199,3.724501,-0.008254,9
4200,4.379939,0.039884,11
4201,2.946388,-0.027298,8
4202,2.218929,-0.06687,2
4206,4.159637,0.227386,4
4209,2.17683,-0.04719,9
4210,3.521217,0.029814,6
4211,2.977444,-0.01211,6
4212,4.343645,0.149057,2
4213,3.629072,0.024615,4
4215,2.889165,-0.049895,1
4216,3.46822,0.02196,7
4217,4.249304,0.209804,4
4218,2.602214,-0.071786,2
4219,4.264719,0.1933,2
4220,2.320992,-0.061228,10
4221,3.839926,-0.036006,5
4222,2.534755,-0.07488,10
4224,4.050161,0.14665,5
4225,3.107201,0.025244,3
4226,4.35164,-0.090384,10
4227,3.286972,0.033694,4
4228,3.567488,0.011011,1
4229,4.064018,-0.074441,7
4231,2.797531,-0.04755,2
4232,4.234157,-0.084472,1
4233,2.210231,-0.038944,7
4235,4.185973,-0.079629,3
4236,2.721958,-0.050466,1
4237,4.343645,0.149057,4
4239,2.745153,-0.066088,8
4240,3.827775,-0.036139,3
4241,4.027375,0.142149,7
4242,2.187472,-0.056012,10
4243,4.363238,0.126636,1
4244,2.124811,-0.029209,11
4245,3.110805,-0.000825,4
4246,2.504173,-0.067785,11
4247,2.616659,-0.075869,9
4248,4.080482,-0.064392,1
4249,3.357048,0.016759,3
4250,3.414015,0.028823,3
4251,3.011157,-0.013075,4
4252,2.411105,-0.065368,8
4253,2.342069,-0.063917,8
4254,4.159637,0.227386,5
4255,2.889165,-0.049895,2
4256,2.388373,-0.06967,10
4257,2.602214,-0.071786,8
4258,3.629072,0.024615,1
4261,4.249304,0.209804,3
4262,4.363238,0.126636,1
4264,2.544457,-0.083753,2
4265,4.171935,0.22758,4
4266,3.171876,0.017694,1
4267,3.257561,0.01046,3
4270,2.472779,-0.078629,6
4271,3.457656,0.012895,4
4272,4.384561,0.1334,3
4273,3.764451,-0.012761,6
4275,3.521217,0.029814,1
4277,3.567488,0.011011,4
4278,4.361729,0.070572,7
4279,2.797531,-0.04755,8
4281,3.415152,0.001695,9
4282,2.868678,-0.041091,6
4283,4.050161,0.14665,3
4284,2.721958,-0.050466,1
4285,2.789619,-0.056421,9
4287,4.363461,0.085344,3
4289,3.805768,-0.013525,3
4290,4.264719,0.1933,4
4291,2.889165,-0.049895,3
4292,3.839926,-0.036006,8
4293,3.093211,-0.025446,4
4294,3.724501,-0.008254,4
4296,3.676772,-0.011253,4
4297,3.429441,3.8e-05,9
4298,4.343645,0.149057,3
4299,3.133793,-0.018567,4
4300,4.080482,-0.064392,4
4301,3.708482,-0.020409,6
4302,4.375637,-0.002089,2
4303,4.109703,-0.075168,4
4304,3.064616,-0.037678,9
4306,2.17683,-0.04719,6
4307,4.086668,0.210151,3
4308,2.946388,-0.027298,2
4309,4.279529,-0.093817,10
4310,3.484148,-0.014598,8
4311,2.724655,-0.077128,1
4312,2.210231,-0.038944,4
4313,2.544457,-0.083753,1
4314,4.171935,0.22758,2
4315,4.185973,-0.079629,6
4316,4.362266,0.088878,9
4317,3.941037,0.164912,2
4318,4.159637,0.227386,9
4319,4.249304,0.209804,1
4320,4.234157,-0.084472,6
4321,4.363238,0.126636,9
4322,4.379939,0.039884,3
4323,4.064018,-0.074441,8
4325,3.827775,-0.036139,6
4326,4.375637,-0.002089,8
4328,4.351339,0.051725,8
4329,2.889165,-0.049895,5
4330,4.364373,-0.038954,8
4331,2.721958,-0.050466,3
4332,3.924268,0.185212,8
4333,2.745153,-0.066088,6
4334,4.201552,-0.094331,7
4335,4.083325,0.227192,7
4336,3.691955,-0.024986,5
4338,4.343645,0.149057,7
4339,2.616659,-0.075869,5
4340,4.264719,0.1933,6
4341,4.016905,-0.046125,1
4342,4.337377,-0.106244,6
4343,4.366691,0.083603,6
4344,2.868678,-0.041091,4
4345,2.534755,-0.07488,6
4349,2.218929,-0.06687,3
4350,2.472779,-0.078629,1
4351,3.911578,0.188866,5
4354,2.342069,-0.063917,5
4355,2.388373,-0.06967,1
4356,2.320992,-0.061228,5
4357,2.187472,-0.056012,3
4358,2.544457,-0.083753,2
4359,4.171935,0.22758,5
4360,3.093262,-0.059615,1
4361,2.504173,-0.067785,4
4362,3.612259,-0.046322,2
4364,4.363461,0.085344,4
4365,4.379939,0.039884,2
4367,3.708482,-0.020409,2
4368,2.946388,-0.027298,1
4369,4.109703,-0.075168,3
4371,2.388373,-0.06967,3
4372,3.415152,0.001695,3
4373,2.602214,-0.071786,3
4375,3.357048,0.016759,1
4376,2.894847,-0.055989,2
4377,3.805768,-0.013525,2
4378,4.016905,-0.046125,2
4379,2.17683,-0.04719,2
4380,2.271182,-0.040393,2
4381,2.789619,-0.056421,2
4384,3.457656,0.012895,1
4385,2.724655,-0.077128,1
4386,2.901812,-0.061023,1
4387,3.724501,-0.008254,1
4388,4.185973,-0.079629,1
4389,4.361729,0.070572,1
4390,2.487772,-0.071249,1
