0.314449,-0.013223,59
1.61867,-0.00266,61
0.074755,0.012698,59
0.314449,-0.013223,48
1.428541,0.010874,42
1.834324,0.012113,66
2.436713,0.025378,84
0.535834,-0.017968,49
2.556182,0.012671,92
1.808004,0.030216,60
1.294121,0.003458,51
1.834324,0.012113,71
2.556182,0.012671,95
2.331038,0.062114,142
1.808004,0.030216,129
2.349624,0.058955,139
0.441588,0.081645,114
3.016905,-0.046125,260
2.380163,0.063797,158
1.834324,0.012113,140
2.855165,-0.081825,137
1.442528,-0.023856,129
2.18467,0.069359,132
2.556182,0.012671,133
2.331038,0.062114,138
1.229562,0.043704,87
1.834324,0.012113,76
1.427398,-0.023473,79
2.839926,-0.036006,138
1.849319,-0.041063,88
1.055096,0.043041,84
2.509528,-0.000782,105
1.637129,-0.051765,56
1.771636,-0.091721,86
1.894847,-0.055989,149
3.064018,-0.074441,240
3.201552,-0.094331,215
2.300883,0.091434,202
1.294121,0.003458,145
1.055096,0.043041,162
1.442528,-0.023856,156
0.66175,-0.216537,156
1.603824,-0.043609,129
2.674029,0.055529,318
2.613233,0.051374,148
2.818409,0.009041,301
1.771636,-0.091721,288
1.294121,0.003458,187
1.894847,-0.055989,209
2.18467,0.069359,254
1.64698,-0.085815,260
2.584497,0.091246,271
3.201552,-0.094331,258
1.183079,0.076609,381
1.40836,-0.036879,371
1.442528,-0.023856,400
1.229562,0.043704,337
3.064018,-0.074441,173
0.94299,0.049073,429
2.300883,0.091434,146
0.971176,0.074932,372
0.68732,-0.13131,341
0.845892,0.020231,399
3.044172,-0.044799,177
2.18467,0.069359,189
2.349624,0.058955,219
2.065692,0.083292,180
1.62161,-0.036738,162
3.25366,-0.04004,182
2.380163,0.063797,125
3.064018,-0.074441,164
1.294121,0.003458,140
0.874858,0.048617,177
3.044172,-0.044799,116
2.300883,0.091434,96
2.284939,0.089753,99
1.183079,0.076609,105
1.40836,-0.036879,194
0.971176,0.074932,171
2.065692,0.083292,163
1.834324,0.012113,155
1.229562,0.043704,206
1.294121,0.003458,185
2.380163,0.063797,214
2.331038,0.062114,312
3.298828,-0.154401,396
1.637129,-0.051765,168
3.044172,-0.044799,383
0.815176,0.058538,127
0.926368,0.08877,119
3.016905,-0.046125,334
2.18467,0.069359,206
2.065692,0.083292,190
1.427398,-0.023473,133
1.808004,0.030216,130
1.183079,0.076609,126
3.201552,-0.094331,320
0.535834,-0.017968,156
2.380163,0.063797,306
1.637129,-0.051765,164
0.815176,0.058538,133
2.284939,0.089753,275
2.556182,0.012671,260
1.306516,0.063204,178
1.428541,0.010874,150
1.62161,-0.036738,147
1.603824,-0.043609,198
2.818409,0.009041,153
2.300883,0.091434,215
1.427398,-0.023473,108
1.032498,0.121769,103
3.044172,-0.044799,206
3.298828,-0.154401,224
0.926368,0.08877,272
0.815176,0.058538,234
2.284939,0.089753,164
2.065692,0.083292,162
3.201552,-0.094331,334
1.637129,-0.051765,213
1.603824,-0.043609,212
1.428541,0.010874,316
2.436713,0.025378,227
2.839926,-0.036006,304
2.300883,0.091434,273
1.62161,-0.036738,268
3.016905,-0.046125,311
2.349624,0.058955,240
1.032498,0.121769,241
1.306516,0.063204,243
3.064018,-0.074441,275
2.509528,-0.000782,264
1.183079,0.076609,209
3.044172,-0.044799,239
1.0558,0.138193,158
1.032498,0.121769,80
1.62161,-0.036738,48
2.839926,-0.036006,84
2.065692,0.083292,47
2.509528,-0.000782,107
3.016905,-0.046125,112
3.064018,-0.074441,134
1.306516,0.063204,78
2.436713,0.025378,69
3.298828,-0.154401,125
1.849319,-0.041063,100
2.065692,0.083292,205
1.603824,-0.043609,91
1.62161,-0.036738,82
1.032498,0.121769,120
2.509528,-0.000782,79
1.637129,-0.051765,87
2.380163,0.063797,129
2.674641,-0.089871,153
3.25366,-0.04004,111
1.229562,0.043704,74
2.436713,0.025378,94
1.428541,0.010874,126
0.883728,0.253534,231
1.849319,-0.041063,85
1.0558,0.138193,245
2.065692,0.083292,103
2.284939,0.089753,101
1.62161,-0.036738,288
1.603824,-0.043609,247
1.637129,-0.051765,260
1.229562,0.043704,212
3.25366,-0.04004,170
3.201552,-0.094331,169
2.674641,-0.089871,167
1.183079,0.076609,160
2.755767,-0.114802,156
1.294121,0.003458,145
1.012878,0.218943,165
1.427398,-0.023473,90
1.0558,0.138193,91
3.386513,-0.048287,146
1.306516,0.063204,55
2.46283,-0.051038,45
3.493013,0.061484,115
1.306516,0.063204,95
2.574679,-0.124141,59
1.428541,0.010874,91
1.603824,-0.043609,74
3.657111,0.239741,115
3.374144,-0.051993,96
2.46283,-0.051038,85
1.428541,0.010874,78
2.384888,-0.064907,97
1.141532,0.178517,71
2.755767,-0.114802,69
2.674641,-0.089871,24
1.64698,-0.085815,57
3.042774,-0.170374,95
2.52243,-0.086161,89
2.46283,-0.051038,104
2.305278,-0.038031,100
1.767447,-0.135312,67
2.352374,-0.039661,101
3.780071,0.096707,92
3.374144,-0.051993,90
1.636085,-0.127733,114
3.298828,-0.154401,80
1.294121,0.003458,137
2.384888,-0.064907,52
1.40836,-0.036879,157
2.938243,-0.185426,81
1.886978,-0.104747,167
1.229562,0.043704,171
2.52243,-0.086161,71
1.771636,-0.091721,160
3.845251,0.156592,369
3.861126,0.154149,381
2.574679,-0.124141,134
3.566669,0.065428,78
2.077586,-0.111845,161
1.442528,-0.023856,192
2.391961,-0.115543,181
2.938243,-0.185426,286
1.229562,0.043704,199
3.628718,0.116933,249
3.566669,0.065428,269
2.505522,-0.123204,199
1.427398,-0.023473,165
1.886978,-0.104747,167
1.771636,-0.091721,179
1.64698,-0.085815,173
2.077586,-0.111845,150
3.374144,-0.051993,153
2.674641,-0.089871,111
3.628718,0.116933,251
3.566669,0.065428,64
2.52243,-0.086161,68
2.755767,-0.114802,122
1.442528,-0.023856,74
2.391961,-0.115543,116
2.430791,-0.121144,119
1.306516,0.063204,121
3.386513,-0.048287,183
1.427398,-0.023473,68
3.82743,0.0738,242
3.493013,0.061484,126
2.505522,-0.123204,72
1.64698,-0.085815,88
1.428541,0.010874,60
3.374144,-0.051993,302
3.298828,-0.154401,282
3.780071,0.096707,131
2.938243,-0.185426,209
2.574679,-0.124141,120
3.493013,0.061484,347
1.771636,-0.091721,100
3.386513,-0.048287,310
2.505522,-0.123204,138
1.637129,-0.051765,139
3.909839,0.063874,277
3.780071,0.096707,234
1.603824,-0.043609,128
1.62161,-0.036738,106
2.755767,-0.114802,272
2.674641,-0.089871,267
2.938243,-0.185426,283
3.129099,-0.206537,271
2.505522,-0.123204,169
4.015938,0.060081,117
1.771636,-0.091721,129
3.374144,-0.051993,76
1.62161,-0.036738,71
2.674641,-0.089871,50
3.657111,0.239741,61
1.637129,-0.051765,114
2.338192,-0.175731,105
3.129099,-0.206537,68
3.914002,0.504071,64
2.505522,-0.123204,101
3.94217,0.508117,95
1.603824,-0.043609,83
2.430791,-0.121144,140
3.566669,0.065428,38
2.574679,-0.124141,103
1.62161,-0.036738,85
1.767447,-0.135312,141
4.137077,0.652475,135
4.086555,0.581343,127
1.637129,-0.051765,54
1.64698,-0.085815,45
2.574679,-0.124141,27
1.78082,-0.151945,85
2.674641,-0.089871,70
2.391961,-0.115543,54
2.52243,-0.086161,56
1.78082,-0.151945,56
3.872201,0.326037,71
2.674641,-0.089871,53
3.872201,0.326037,37
2.46283,-0.051038,88
4.086555,0.581343,66
3.956133,0.414513,89
3.201552,-0.094331,88
2.674641,-0.089871,123
3.566669,0.065428,59
2.384888,-0.064907,106
4.086555,0.581343,73
4.221688,0.730935,72
3.374144,-0.051993,153
3.201552,-0.094331,143
3.566669,0.065428,144
3.386513,-0.048287,132
4.137077,0.652475,104
4.169741,0.666024,119
2.855165,-0.081825,137
2.608483,-0.043612,137
2.384888,-0.064907,129
3.374144,-0.051993,94
3.386513,-0.048287,88
4.169741,0.666024,114
3.201552,-0.094331,125
2.46283,-0.051038,107
2.305278,-0.038031,176
3.064018,-0.074441,150
4.378274,0.901089,150
4.086555,0.581343,148
3.956133,0.414513,140
2.608483,-0.043612,151
3.386513,-0.048287,108
2.839926,-0.036006,98
4.137077,0.652475,179
3.201552,-0.094331,29
4.221688,0.730935,152
4.169741,0.666024,149
3.956133,0.414513,119
4.378274,0.901089,130
2.305278,-0.038031,64
1.937938,-0.059436,70
4.448466,0.962628,113
4.169741,0.666024,121
4.137077,0.652475,137
2.305278,-0.038031,98
2.608483,-0.043612,108
2.352374,-0.039661,91
4.221688,0.730935,81
3.064018,-0.074441,99
2.608483,-0.043612,100
3.201552,-0.094331,103
4.378274,0.901089,105
3.956133,0.414513,102
2.384888,-0.064907,107
4.137077,0.652475,92
2.46283,-0.051038,123
2.839926,-0.036006,137
3.064018,-0.074441,132
2.352374,-0.039661,121
3.044172,-0.044799,101
4.030071,0.528238,80
2.305278,-0.038031,90
2.46283,-0.051038,76
4.178621,0.733005,108
3.872201,0.326037,95
2.352374,-0.039661,103
2.384888,-0.064907,101
4.086555,0.581343,104
2.305278,-0.038031,124
3.956133,0.414513,93
3.064018,-0.074441,121
2.46283,-0.051038,107
2.352374,-0.039661,125
2.305278,-0.038031,109
2.46283,-0.051038,124
2.855165,-0.081825,42
2.608483,-0.043612,112
4.389366,1.033719,122
4.302922,0.839698,107
3.25366,-0.04004,109
2.839926,-0.036006,86
3.839763,0.284679,85
3.016905,-0.046125,46
4.302922,0.839698,51
3.493013,0.061484,97
4.050685,0.424263,53
2.608483,-0.043612,91
3.064018,-0.074441,100
4.45736,0.956855,95
4.169741,0.666024,223
4.302922,0.839698,216
4.448466,0.962628,205
4.567855,1.090583,189
4.378274,0.901089,181
3.819612,0.218988,129
3.493013,0.061484,138
2.331038,0.062114,120
4.42009,0.970704,134
3.201552,-0.094331,141
2.300883,0.091434,109
4.12337,0.484233,91
2.436713,0.025378,108
3.628718,0.116933,145
2.380163,0.063797,171
2.331038,0.062114,168
3.493013,0.061484,77
4.42009,0.970704,98
3.839763,0.284679,142
4.567855,1.090583,127
4.221688,0.730935,108
3.872201,0.326037,141
2.556182,0.012671,68
3.201552,-0.094331,88
3.566669,0.065428,147
4.448466,0.962628,158
4.45736,0.956855,158
2.855165,-0.081825,92
3.628718,0.116933,124
3.956133,0.414513,128
4.567855,1.090583,88
2.855165,-0.081825,120
3.386513,-0.048287,60
4.448466,0.962628,73
3.628718,0.116933,70
4.45736,0.956855,44
4.390447,0.860783,31
3.493013,0.061484,60
2.855165,-0.081825,28
2.436713,0.025378,87
3.839763,0.284679,69
3.956133,0.414513,71
4.626433,1.071818,52
3.628718,0.116933,59
3.201552,-0.094331,44
3.628718,0.116933,66
4.137077,0.652475,68
3.956133,0.414513,74
4.616942,1.059078,22
2.755767,-0.114802,66
4.780388,1.151854,84
3.201552,-0.094331,118
3.566669,0.065428,96
4.390447,0.860783,102
4.862489,1.24354,94
3.628718,0.116933,57
3.940719,0.467438,38
4.086555,0.581343,40
4.42009,0.970704,49
3.872201,0.326037,67
3.282135,-0.221397,67
3.138419,-0.287696,73
4.378274,0.901089,52
4.567855,1.090583,84
3.839763,0.284679,60
3.200351,-0.227339,51
4.777342,1.206526,125
4.221688,0.730935,105
4.250518,0.83422,109
4.567855,1.090583,173
5.05433,1.40228,166
4.419043,1.018,165
3.282135,-0.221397,56
4.416267,1.015382,140
3.138419,-0.287696,87
3.491505,-0.107573,79
4.920862,1.329793,196
4.777342,1.206526,121
4.419043,1.018,211
4.050685,0.424263,104
4.567855,1.090583,324
4.338054,1.009004,477
3.101127,-0.267745,37
4.998906,1.41211,486
3.055433,-0.306223,74
4.389366,1.033719,464
4.416267,1.015382,315
3.138419,-0.287696,83
3.773175,0.005225,116
4.822803,1.239881,452
5.008835,1.427832,535
4.137077,0.652475,126
5.052079,1.503243,511
4.050685,0.424263,80
4.777342,1.206526,417
4.419043,1.018,402
4.013381,0.343227,102
3.282135,-0.221397,102
4.194341,0.871284,355
3.557061,-0.141576,204
3.200351,-0.227339,180
4.169741,0.666024,231
3.921258,0.199832,171
3.861126,0.154149,168
4.247431,0.951527,279
4.389366,1.033719,314
4.338054,1.009004,305
3.573463,-0.1607,180
4.12337,0.484233,221
4.178621,0.733005,164
3.709299,0.030633,197
3.845251,0.156592,195
4.822803,1.239881,222
4.920862,1.329793,250
3.921258,0.199832,186
3.725541,0.054499,236
4.05489,0.346869,206
4.998906,1.41211,304
3.365176,-0.356129,171
3.573463,-0.1607,317
3.574625,-0.171986,308
5.008835,1.427832,336
3.921258,0.199832,280
4.09174,0.722217,165
3.780071,0.096707,415
4.862489,1.24354,326
3.639115,-0.125007,389
4.013381,0.343227,275
4.389366,1.033719,399
4.920862,1.329793,333
4.247431,0.951527,173
4.338054,1.009004,516
4.411091,1.062643,313
3.725541,0.054499,293
4.005176,0.345214,257
3.365176,-0.356129,435
3.574625,-0.171986,267
3.883831,0.216939,243
4.254851,0.984427,313
3.845251,0.156592,213
3.542446,-0.217177,294
3.573463,-0.1607,283
4.086555,0.581343,197
4.780388,1.151854,424
4.998906,1.41211,885
5.008835,1.427832,877
4.616942,1.059078,903
4.419043,1.018,809
4.626433,1.071818,852
4.389366,1.033719,776
3.82743,0.0738,349
4.09174,0.722217,120
3.574625,-0.171986,155
3.478449,-0.281005,285
3.319649,-0.405384,281
4.920862,1.329793,834
3.883831,0.216939,288
4.338054,1.009004,455
3.365176,-0.356129,251
3.861126,0.154149,306
3.773175,0.005225,287
4.030071,0.528238,251
5.052079,1.503243,558
3.677404,-0.129316,230
4.416267,1.015382,567
3.845251,0.156592,195
5.056137,1.642248,885
3.574625,-0.171986,189
3.82743,0.0738,203
4.09174,0.722217,188
4.780388,1.151854,541
3.861126,0.154149,215
3.845251,0.156592,249
3.744157,-0.038955,253
3.956133,0.414513,221
3.677404,-0.129316,181
3.542446,-0.217177,128
4.09174,0.722217,85
4.862489,1.24354,610
3.82743,0.0738,72
4.998906,1.41211,489
3.744157,-0.038955,78
4.052824,0.797103,311
4.419043,1.018,168
3.883831,0.216939,118
5.008835,1.427832,435
3.82743,0.0738,185
3.542446,-0.217177,223
3.639115,-0.125007,280
4.092301,0.90898,293
4.055514,0.824813,330
3.773175,0.005225,377
3.574625,-0.171986,389
3.478449,-0.281005,348
4.001546,0.669345,244
5.052079,1.503243,245
3.744157,-0.038955,421
3.883831,0.216939,567
3.82743,0.0738,388
3.542446,-0.217177,405
4.773239,1.047383,252
4.281504,1.130425,500
4.382576,1.089116,369
3.845251,0.156592,687
4.092301,0.90898,457
3.956133,0.414513,577
4.616942,1.059078,296
3.639115,-0.125007,656
4.055514,0.824813,698
3.574625,-0.171986,622
3.573463,-0.1607,612
4.001546,0.669345,626
4.862489,1.24354,111
3.773175,0.005225,634
3.861126,0.154149,652
3.478449,-0.281005,581
3.744157,-0.038955,529
4.052824,0.797103,573
3.82743,0.0738,523
5.051137,1.75958,154
3.542446,-0.217177,450
5.056137,1.642248,75
4.404352,1.142092,190
5.063253,1.828094,87
5.081576,1.872575,88
3.940719,0.467438,325
3.883831,0.216939,285
4.382576,1.089116,149
3.94217,0.508117,278
3.574625,-0.171986,183
3.639115,-0.125007,248
3.773175,0.005225,218
3.845251,0.156592,215
5.05433,1.40228,143
4.920862,1.329793,129
4.254851,0.984427,134
3.861126,0.154149,176
4.052824,0.797103,141
3.883831,0.216939,165
3.940719,0.467438,196
5.487577,1.672044,204
4.998906,1.41211,145
3.744157,-0.038955,96
4.382576,1.089116,152
4.254851,0.984427,137
4.920862,1.329793,164
5.324463,1.543204,172
3.845251,0.156592,90
4.247431,0.951527,42
3.883831,0.216939,100
4.338054,1.009004,113
4.09174,0.722217,128
3.956133,0.414513,144
5.260461,1.501372,99
3.592138,-0.255535,130
3.845251,0.156592,146
4.566005,1.237961,107
4.382576,1.089116,91
5.324463,1.543204,93
3.883831,0.216939,79
5.05433,1.40228,113
4.247431,0.951527,107
3.780071,0.096707,99
4.030071,0.528238,99
4.404352,1.142092,170
4.998906,1.41211,146
3.883831,0.216939,126
4.254851,0.984427,117
5.199608,1.482107,109
4.861955,1.377113,108
3.861126,0.154149,78
4.278934,1.056981,55
3.744157,-0.038955,62
3.845251,0.156592,56
5.622675,1.696219,135
3.677404,-0.129316,61
3.861126,0.154149,78
5.515203,1.606179,194
4.254851,0.984427,103
5.05433,1.40228,89
3.744157,-0.038955,110
5.49656,1.61764,274
3.845251,0.156592,98
4.030071,0.528238,69
5.432888,1.555218,154
5.590249,1.667512,232
5.622675,1.696219,232
3.861126,0.154149,40
3.845251,0.156592,59
3.744157,-0.038955,93
4.278934,1.056981,87
4.920862,1.329793,117
4.09174,0.722217,111
4.435358,1.199661,60
5.622675,1.696219,105
4.281504,1.130425,71
4.001546,0.669345,69
5.318016,1.379589,103
5.614361,1.641487,79
3.94217,0.508117,61
5.412018,1.477416,97
3.872201,0.326037,78
4.383264,1.235575,99
5.614361,1.641487,95
4.279184,1.153318,144
4.055514,0.824813,139
4.686559,1.287177,66
5.412018,1.477416,115
3.839763,0.284679,128
5.81394,1.776974,118
4.281504,1.130425,81
5.764545,1.721631,622
5.239639,1.345713,121
5.614361,1.641487,149
3.872201,0.326037,142
3.956133,0.414513,119
4.281504,1.130425,156
4.686559,1.287177,113
3.839763,0.284679,100
4.09174,0.722217,105
5.404393,1.416262,102
5.412018,1.477416,168
5.239639,1.345713,249
4.686559,1.287177,173
5.590249,1.667512,555
4.279184,1.153318,109
3.872201,0.326037,77
5.622675,1.696219,525
5.318016,1.379589,371
4.09174,0.722217,133
3.883831,0.216939,146
4.383264,1.235575,135
3.956133,0.414513,140
5.432888,1.555218,355
5.395128,1.487026,337
5.239639,1.345713,277
4.315496,1.197389,84
4.279184,1.153318,35
4.275009,1.181376,90
4.279184,1.153318,41
5.764545,1.721631,212
4.686559,1.287177,79
5.412018,1.477416,155
5.159232,1.226251,90
5.432888,1.555218,114
5.744476,1.681778,63
4.315496,1.197389,137
4.279184,1.153318,120
5.622675,1.696219,87
5.49656,1.61764,105
3.877427,0.790963,160
4.862489,1.24354,170
4.956933,1.213941,166
5.395128,1.487026,99
4.275009,1.181376,187
5.432888,1.555218,153
5.622675,1.696219,185
3.779009,0.71382,136
5.49656,1.61764,206
4.372007,1.288526,146
5.198451,1.25616,109
4.544599,1.314397,243
5.037699,1.212003,140
5.764545,1.721631,146
5.432888,1.555218,139
4.686559,1.287177,134
4.092301,0.90898,113
4.956933,1.213941,134
5.274365,1.287123,231
5.590249,1.667512,82
4.372007,1.288526,145
5.49656,1.61764,80
5.590249,1.667512,111
5.037699,1.212003,158
3.949714,0.751328,69
5.622675,1.696219,86
4.862489,1.24354,179
5.159232,1.226251,102
5.198451,1.25616,100
4.956933,1.213941,74
5.274365,1.287123,65
5.654979,1.837358,112
5.159232,1.226251,83
5.198451,1.25616,117
4.205063,1.219156,99
4.522638,1.352586,53
5.552865,1.592424,113
5.589162,1.746321,48
4.244997,1.227417,154
3.85828,0.82683,131
3.779009,0.71382,124
5.737796,1.89691,71
5.903968,2.121787,112
4.459506,1.309178,107
5.622675,1.696219,87
4.372007,1.288526,103
5.552865,1.592424,129
4.544599,1.314397,43
5.159232,1.226251,122
5.274365,1.287123,102
4.232959,1.220063,71
5.622675,1.696219,171
4.822803,1.239881,136
5.502567,1.470342,148
5.903968,2.121787,193
4.862489,1.24354,171
4.544599,1.314397,133
4.205063,1.219156,151
3.786953,0.88413,161
5.901913,2.105634,143
5.546494,1.52701,104
5.52217,1.495134,107
5.159232,1.226251,235
4.822803,1.239881,224
5.424633,1.360381,326
5.198451,1.25616,229
5.037699,1.212003,228
5.370348,1.288459,309
4.372007,1.288526,96
4.956933,1.213941,248
5.552865,1.592424,321
5.903968,2.121787,376
5.971235,2.221576,388
5.901913,2.105634,385
5.590249,1.667512,379
5.455231,1.393609,376
4.632545,1.352227,89
5.52217,1.495134,392
3.990415,1.09747,82
4.632545,1.352227,209
5.622675,1.696219,247
4.372007,1.288526,158
4.862489,1.24354,191
4.275009,1.181376,160
5.502567,1.470342,192
4.315496,1.197389,118
5.424633,1.360381,149
4.522638,1.352586,106
4.956933,1.213941,210
5.037699,1.212003,271
5.903968,2.121787,180
5.159232,1.226251,259
4.862489,1.24354,243
5.552865,1.592424,147
5.622675,1.696219,239
4.372007,1.288526,111
5.901913,2.105634,229
3.966912,1.041492,171
4.632545,1.352227,207
5.424633,1.360381,169
5.424525,1.313716,496
5.455231,1.393609,445
5.198451,1.25616,164
5.502567,1.470342,444
5.614361,1.641487,270
6.039234,2.227919,436
5.072283,1.239656,116
5.52217,1.495134,468
3.915125,1.008854,174
4.244997,1.227417,117
4.956933,1.213941,110
5.903968,2.121787,566
5.370348,1.288459,669
5.552865,1.592424,339
5.037699,1.212003,89
4.232959,1.220063,141
5.546494,1.52701,526
5.590249,1.667512,376
4.632545,1.352227,137
5.901913,2.105634,500
6.106423,2.250782,884
4.862489,1.24354,108
5.622675,1.696219,562
5.737796,1.89691,543
4.372007,1.288526,83
4.956933,1.213941,111
5.424633,1.360381,478
5.614361,1.641487,321
6.052196,2.227322,796
5.017029,1.109305,229
5.502567,1.470342,444
5.250763,1.148466,283
4.315496,1.197389,79
5.590249,1.667512,349
4.279184,1.153318,211
4.822803,1.239881,212
5.455231,1.393609,344
5.546494,1.52701,318
4.275009,1.181376,219
4.372007,1.288526,205
5.370348,1.288459,321
5.903968,2.121787,176
5.237313,1.130495,302
5.250763,1.148466,345
5.737796,1.89691,217
4.822803,1.239881,91
5.622675,1.696219,204
5.971235,2.221576,153
4.600773,1.417078,84
5.546494,1.52701,135
5.370348,1.288459,191
6.039234,2.227919,295
6.186066,2.220843,337
4.292967,1.565533,87
4.632545,1.352227,111
5.552865,1.592424,236
5.52217,1.495134,235
5.737796,1.89691,218
4.481709,1.468452,109
4.303754,1.604418,95
5.201928,1.031593,164
4.686559,1.287177,133
5.370348,1.288459,127
5.424525,1.313716,144
4.37848,1.513508,69
4.37848,1.513508,89
5.737796,1.89691,114
5.971235,2.221576,100
5.590249,1.667512,134
5.622675,1.696219,147
4.303754,1.604418,110
4.777342,1.206526,130
5.338657,1.077197,131
4.37848,1.513508,103
4.718564,1.228132,80
5.211082,1.032861,61
5.737796,1.89691,89
5.550696,1.383775,101
4.983025,1.098677,72
5.971235,2.221576,137
5.338657,1.077197,162
5.480369,1.165757,112
5.622675,1.696219,125
5.614361,1.641487,128
5.017029,1.109305,70
4.686559,1.287177,47
6.174193,2.411369,122
4.718564,1.228132,116
4.983025,1.098677,147
4.37848,1.513508,147
4.777342,1.206526,137
5.267103,1.066379,301
5.211082,1.032861,269
5.338657,1.077197,128
6.267109,2.421969,208
5.614361,1.641487,146
5.971235,2.221576,124
4.632545,1.352227,109
4.777342,1.206526,107
5.267103,1.066379,64
5.614361,1.641487,94
6.174193,2.411369,94
5.971235,2.221576,122
6.260128,2.482962,226
5.002609,1.027133,276
5.614361,1.641487,122
4.44384,1.512664,232
4.718564,1.228132,242
5.622675,1.696219,102
5.492166,1.355683,56
4.686559,1.287177,97
5.355929,1.14222,120
4.995117,1.017469,250
4.780388,1.151854,198
5.201928,1.031593,180
4.481709,1.468452,167
5.211082,1.032861,150
5.492166,1.355683,104
5.737796,1.89691,124
5.423403,1.26837,106
5.901913,2.105634,97
5.903968,2.121787,117
6.012284,2.406244,113
5.622675,1.696219,110
4.995117,1.017469,68
6.145673,2.775452,177
6.163635,2.823052,195
4.686559,1.287177,108
5.424633,1.360381,86
5.424525,1.313716,130
5.622675,1.696219,130
5.201928,1.031593,160
5.903968,2.121787,109
4.607223,1.420418,105
5.925207,2.316863,73
5.370348,1.288459,86
6.145673,2.775452,69
5.267103,1.066379,148
5.211082,1.032861,168
5.93167,2.429222,131
5.737796,1.89691,128
4.607223,1.420418,87
4.632545,1.352227,181
5.552865,1.592424,158
5.867183,2.270368,211
6.060421,2.698918,210
4.995117,1.017469,137
4.686559,1.287177,144
6.163635,2.823052,170
5.455231,1.393609,241
5.424525,1.313716,238
5.93167,2.429222,220
5.52217,1.495134,273
5.502567,1.470342,285
5.546494,1.52701,273
5.267103,1.066379,257
5.622675,1.696219,170
5.590249,1.667512,87
5.355929,1.14222,179
6.060421,2.698918,243
5.867183,2.270368,246
5.97087,2.566736,150
5.455231,1.393609,211
5.424633,1.360381,179
5.93167,2.429222,206
5.614361,1.641487,123
6.163635,2.823052,100
5.502567,1.470342,96
5.867183,2.270368,159
6.230311,2.836926,170
6.101496,2.691056,170
5.546494,1.52701,122
5.201928,1.031593,179
5.17406,0.937945,160
4.903379,0.683468,87
5.211082,1.032861,182
5.424633,1.360381,207
5.370348,1.288459,192
5.546494,1.52701,168
5.737796,1.89691,129
5.93167,2.429222,106
5.52217,1.495134,158
4.903379,0.683468,323
5.17406,0.937945,122
5.455231,1.393609,139
5.201928,1.031593,114
5.861965,2.291004,119
5.250763,1.148466,123
5.93167,2.429222,121
4.955438,0.693866,237
5.502567,1.470342,127
5.424633,1.360381,106
5.370348,1.288459,107
5.52217,1.495134,101
5.211082,1.032861,136
5.552865,1.592424,101
5.455231,1.393609,91
5.071453,0.819075,96
5.590249,1.667512,96
6.145673,2.775452,88
4.903379,0.683468,78
6.101496,2.691056,197
5.908606,2.279688,158
5.622675,1.696219,135
5.201928,1.031593,161
5.211082,1.032861,152
5.109276,0.898682,49
6.257314,3.143035,594
5.17406,0.937945,176
5.250763,1.148466,230
5.060026,0.784176,221
5.737796,1.89691,210
5.552865,1.592424,207
5.370348,1.288459,188
6.247124,3.092545,485
5.925207,2.316863,194
6.101496,2.691056,187
5.424633,1.360381,264
4.955438,0.693866,171
6.145673,2.775452,301
5.908606,2.279688,168
6.163635,2.823052,331
5.590249,1.667512,274
5.201928,1.031593,262
5.455231,1.393609,270
5.250763,1.148466,257
5.552865,1.592424,242
5.502567,1.470342,224
5.370348,1.288459,189
5.237313,1.130495,215
6.060421,2.698918,230
5.93167,2.429222,215
5.17406,0.937945,104
5.01291,0.527109,131
5.737796,1.89691,167
5.502567,1.470342,149
5.201928,1.031593,72
5.925207,2.316863,140
6.163635,2.823052,117
5.370348,1.288459,131
5.908606,2.279688,119
5.424633,1.360381,126
5.546494,1.52701,78
5.060026,0.784176,144
5.109276,0.898682,198
5.455231,1.393609,169
5.370348,1.288459,163
6.163635,2.823052,155
5.201928,1.031593,174
5.737796,1.89691,172
5.93167,2.429222,188
5.071453,0.819075,153
5.614361,1.641487,190
5.52217,1.495134,217
6.145673,2.775452,224
5.211082,1.032861,132
6.434651,3.112013,205
5.867183,2.270368,202
5.250763,1.148466,168
5.97087,2.566736,195
5.455231,1.393609,198
6.39664,3.061362,216
5.237313,1.130495,114
6.163635,2.823052,194
5.622675,1.696219,193
6.060421,2.698918,144
5.546494,1.52701,161
5.370348,1.288459,173
5.590249,1.667512,138
5.071453,0.819075,166
5.93167,2.429222,128
5.552865,1.592424,126
5.109276,0.898682,182
5.424633,1.360381,120
5.908606,2.279688,108
5.060026,0.784176,117
5.250763,1.148466,86
5.49656,1.61764,143
5.412018,1.477416,137
5.589162,1.746321,182
6.247124,3.092545,79
5.654979,1.837358,178
6.29302,3.29174,196
5.237313,1.130495,185
5.211082,1.032861,241
5.395128,1.487026,238
6.148332,2.883881,210
5.93167,2.429222,168
5.908606,2.279688,180
5.250763,1.148466,259
5.412018,1.477416,262
6.060421,2.698918,182
5.201928,1.031593,218
5.170572,0.881212,180
5.432888,1.555218,143
5.654979,1.837358,206
5.49656,1.61764,213
6.247124,3.092545,188
5.237313,1.130495,132
6.060421,2.698918,171
5.867183,2.270368,159
5.654979,1.837358,89
5.412018,1.477416,72
6.235754,3.080703,137
5.737796,1.89691,71
5.867183,2.270368,101
5.170572,0.881212,89
6.257314,3.143035,242
5.487577,1.672044,147
6.163635,2.823052,355
5.589162,1.746321,87
5.201928,1.031593,169
5.395128,1.487026,165
6.060421,2.698918,201
6.235754,3.080703,398
5.432888,1.555218,130
5.211082,1.032861,155
5.867183,2.270368,141
6.145673,2.775452,293
6.254166,3.191427,429
5.109276,0.898682,96
6.247124,3.092545,395
5.412018,1.477416,93
5.589162,1.746321,106
5.432888,1.555218,104
5.395128,1.487026,100
5.64868,2.218235,106
5.756501,2.372705,105
5.943619,2.646887,181
6.163635,2.823052,121
5.816546,2.501505,217
5.318016,1.379589,135
5.274365,1.287123,143
5.589162,1.746321,131
5.598168,1.807025,137
5.151708,1.14936,112
5.49656,1.61764,89
5.575424,1.783338,19
6.163635,2.823052,64
5.198451,1.25616,136
5.159232,1.226251,136
6.060421,2.698918,73
6.312195,3.001664,81
5.395128,1.487026,97
6.163635,2.823052,120
6.467393,3.293136,119
5.515203,1.606179,79
5.850833,2.568116,134
5.519768,1.889744,111
5.958852,2.746036,54
5.999217,2.742808,64
5.594766,2.067977,80
5.412018,1.477416,121
5.318016,1.379589,32
5.53717,2.086701,47
5.999217,2.742808,46
6.417704,3.19787,116
5.816546,2.501505,174
6.467393,3.293136,94
5.432888,1.555218,112
5.486351,1.818682,112
5.607914,2.311659,100
6.163635,2.823052,147
5.53717,2.086701,84
6.467393,3.293136,137
6.145673,2.775452,114
5.431741,1.750929,83
6.060421,2.698918,142
6.557538,3.604618,169
5.816546,2.501505,192
6.467393,3.293136,105
6.163635,2.823052,215
5.412018,1.477416,118
6.417704,3.19787,228
5.395128,1.487026,134
6.145673,2.775452,209
5.370348,1.288459,116
6.312195,3.001664,203
6.464622,3.276053,339
5.338657,1.077197,116
6.467393,3.293136,324
5.355929,1.14222,82
6.475188,3.255946,255
5.943619,2.646887,93
6.61405,3.636985,272
6.145673,2.775452,154
5.412018,1.477416,130
5.432888,1.555218,119
5.799588,2.538594,197
5.404393,1.416262,156
6.060421,2.698918,199
5.469577,2.062197,132
5.370348,1.288459,115
5.412018,1.477416,196
5.432888,1.555218,180
6.230311,2.836926,102
5.469577,2.062197,172
5.799588,2.538594,62
6.145673,2.775452,101
5.431741,1.750929,88
6.464622,3.276053,79
5.431741,1.750929,80
6.703363,3.648453,99
6.467393,3.293136,90
6.145673,2.775452,79
6.417704,3.19787,101
5.432888,1.555218,55
6.752479,3.75436,119
5.432888,1.555218,140
6.703363,3.648453,202
6.464622,3.276053,192
6.417704,3.19787,188
5.816546,2.501505,72
5.424525,1.313716,117
6.467393,3.293136,141
5.431741,1.750929,70
5.97087,2.566736,123
5.53717,2.086701,159
6.464622,3.276053,53
6.703363,3.648453,40
5.816546,2.501505,113
5.97087,2.566736,82
5.432888,1.555218,71
5.424633,1.360381,74
5.607914,2.311659,119
6.230311,2.836926,113
5.486351,1.818682,151
5.432888,1.555218,226
6.101496,2.691056,98
5.404393,1.416262,215
5.412018,1.477416,247
6.464622,3.276053,50
6.060421,2.698918,105
6.145673,2.775452,124
5.816546,2.501505,109
5.64868,2.218235,141
6.703363,3.648453,107
5.519768,1.889744,169
5.432888,1.555218,143
5.486351,1.818682,143
6.758976,3.674264,221
6.163635,2.823052,191
6.312195,3.001664,183
5.547195,1.91099,123
6.464622,3.276053,184
6.467393,3.293136,185
5.64868,2.218235,143
6.475188,3.255946,160
6.417704,3.19787,197
5.943619,2.646887,119
5.84284,2.484284,90
6.824714,3.771183,147
5.553729,1.870106,135
5.49656,1.61764,118
6.73486,3.651315,233
5.594766,2.067977,122
6.758976,3.674264,232
6.79224,3.705893,233
5.999217,2.742808,21
6.703363,3.648453,176
5.756501,2.372705,91
5.535804,1.841761,87
5.850833,2.568116,79
5.486351,1.818682,116
6.163635,2.823052,192
6.920443,3.864532,89
6.434651,3.112013,138
6.462478,3.18767,125
5.547195,1.91099,91
5.519768,1.889744,147
5.799588,2.538594,155
5.64868,2.218235,191
5.486351,1.818682,188
6.462478,3.18767,59
5.594766,2.067977,161
6.758976,3.674264,125
6.79224,3.705893,140
6.39664,3.061362,129
6.824714,3.771183,147
6.955434,3.936253,158
5.519768,1.889744,105
5.943619,2.646887,97
6.434651,3.112013,77
5.519768,1.889744,84
5.84284,2.484284,70
6.121433,2.888484,116
7.001374,4.011398,107
6.955434,3.936253,102
5.594766,2.067977,162
6.73486,3.651315,61
5.943619,2.646887,145
6.417704,3.19787,134
5.487577,1.672044,178
5.519768,1.889744,163
5.486351,1.818682,86
5.999217,2.742808,154
6.148332,2.883881,96
6.920443,3.864532,83
5.594766,2.067977,65
6.121433,2.888484,98
6.79224,3.705893,66
5.519768,1.889744,101
7.099433,4.065271,82
5.486351,1.818682,89
6.464622,3.276053,119
6.417704,3.19787,110
5.431741,1.750929,48
6.920443,3.864532,118
5.799588,2.538594,50
6.148332,2.883881,126
6.824714,3.771183,106
6.955434,3.936253,105
5.64868,2.218235,85
5.958852,2.746036,82
6.467393,3.293136,121
6.920443,3.864532,93
6.758976,3.674264,91
5.598168,1.807025,69
5.64868,2.218235,71
6.73486,3.651315,57
6.402784,3.256683,45
6.824714,3.771183,92
6.920443,3.864532,66
6.824714,3.771183,120
6.758976,3.674264,115
6.920443,3.864532,109
6.681071,3.477894,100
5.943619,2.646887,41
6.417704,3.19787,117
5.53717,2.086701,110
5.999217,2.742808,122
6.748424,3.5988,123
6.312195,3.001664,109
6.464622,3.276053,148
6.417704,3.19787,137
6.467393,3.293136,130
5.53717,2.086701,72
6.945045,3.713064,103
6.748424,3.5988,101
6.163635,2.823052,105
6.475188,3.255946,81
7.448541,4.004179,58
5.907427,2.778435,105
6.462478,3.18767,61
6.915806,3.711259,51
6.945045,3.713064,82
6.434651,3.112013,70
6.725988,3.474553,92
5.498898,2.562165,126
6.462478,3.18767,97
7.134679,3.859505,70
6.586958,3.338403,114
7.477152,4.047745,136
6.148332,2.883881,105
7.134679,3.859505,96
6.725988,3.474553,63
7.305673,3.97778,155
5.748184,2.631022,97
6.875068,3.607087,86
7.115553,3.877962,131
6.806688,3.572128,189
6.312195,3.001664,134
6.462478,3.18767,184
6.681071,3.477894,167
5.872459,2.725713,105
6.39664,3.061362,160
7.448541,4.004179,123
6.875068,3.607087,110
6.434651,3.112013,119
6.121433,2.888484,162
5.748184,2.631022,182
6.088176,2.878977,183
7.115553,3.877962,90
6.462478,3.18767,50
6.39664,3.061362,114
6.806688,3.572128,141
6.434651,3.112013,141
5.961623,2.808012,141
6.121433,2.888484,130
5.872459,2.725713,98
6.39664,3.061362,53
6.434651,3.112013,34
6.462478,3.18767,70
6.945045,3.713064,69
6.725988,3.474553,85
6.875068,3.607087,70
6.121433,2.888484,50
5.999217,2.742808,86
6.312195,3.001664,61
5.67236,2.535161,88
7.0576,3.756532,144
7.362412,3.947338,148
6.148332,2.883881,125
5.999217,2.742808,114
6.312195,3.001664,75
7.362412,3.947338,103
5.958852,2.746036,91
6.94952,3.582127,86
6.721463,3.396032,102
6.462478,3.18767,94
5.999217,2.742808,65
6.586958,3.338403,55
5.943619,2.646887,50
6.715761,3.466395,64
6.875068,3.607087,73
7.052894,3.729786,90
7.0576,3.756532,73
6.464622,3.276053,58
5.999217,2.742808,67
6.148332,2.883881,28
7.203506,3.756726,73
5.943619,2.646887,69
6.464622,3.276053,78
7.052894,3.729786,63
8.060814,4.313155,45
6.121433,2.888484,72
6.467393,3.293136,58
7.203506,3.756726,93
6.121433,2.888484,77
5.999217,2.742808,96
6.945045,3.713064,80
6.748424,3.5988,79
6.088176,2.878977,113
8.202154,4.385919,205
6.417704,3.19787,91
7.203506,3.756726,140
7.363726,3.868977,137
7.052894,3.729786,141
6.121433,2.888484,113
6.586958,3.338403,125
6.148332,2.883881,118
6.945045,3.713064,80
6.417704,3.19787,89
6.467393,3.293136,88
6.681071,3.477894,71
6.121433,2.888484,98
7.203506,3.756726,74
6.088176,2.878977,56
8.305508,4.394146,76
6.467393,3.293136,72
6.875068,3.607087,72
6.148332,2.883881,59
8.054197,4.140064,59
6.806688,3.572128,106
8.001808,4.093726,64
7.771762,3.968306,153
8.246958,4.265521,90
6.875068,3.607087,89
7.203506,3.756726,146
8.461419,4.425101,132
8.301995,4.279637,126
8.34089,4.298587,110
7.567925,3.890273,105
8.001808,4.093726,95
7.203506,3.756726,70
8.34089,4.298587,87
7.617286,3.92254,68
6.915806,3.711259,71
7.052894,3.729786,68
6.331212,3.30555,70
7.0576,3.756532,37
8.001808,4.093726,86
6.73486,3.651315,93
6.703363,3.648453,99
6.331212,3.30555,81
6.915806,3.711259,92
8.489846,4.314121,120
6.758976,3.674264,81
7.203506,3.756726,77
7.2628,3.738641,74
7.052894,3.729786,47
6.703363,3.648453,73
8.054197,4.140064,112
7.950802,4.074444,104
7.203506,3.756726,90
8.664214,4.35141,193
8.489846,4.314121,187
6.758976,3.674264,80
6.703363,3.648453,87
7.2628,3.738641,74
8.685706,4.375678,501
7.665682,3.824333,132
8.74937,4.39214,742
7.517446,3.771146,125
6.241664,3.306875,48
6.179936,3.291731,132
7.901265,3.983081,91
8.664214,4.35141,938
8.489846,4.314121,432
7.665682,3.824333,54
6.241664,3.306875,58
6.755673,3.624424,71
8.465559,4.30707,216
7.517446,3.771146,110
6.915806,3.711259,79
6.755673,3.624424,68
8.001808,4.093726,103
7.517446,3.771146,79
7.950802,4.074444,83
8.305508,4.394146,57
8.658072,4.350851,585
6.73486,3.651315,105
7.901265,3.983081,127
8.371801,4.409794,124
6.758976,3.674264,93
8.616993,4.289274,497
7.583394,3.762319,73
7.678301,3.783957,165
6.755673,3.624424,76
6.915806,3.711259,73
7.944919,3.930744,199
7.993579,3.97919,185
7.966658,3.949083,164
7.134679,3.859505,122
8.646298,4.300188,435
8.371801,4.409794,186
6.79224,3.705893,140
6.61405,3.636985,93
8.459217,4.42642,405
8.461419,4.425101,401
8.74937,4.39214,294
7.993579,3.97919,141
7.517446,3.771146,78
7.740426,3.767018,105
7.854922,3.811259,130
7.134679,3.859505,117
8.225785,4.366277,68
7.769951,3.734544,67
7.966658,3.949083,80
7.517446,3.771146,83
6.920443,3.864532,86
8.202154,4.385919,48
8.001808,4.093726,69
7.740426,3.767018,66
8.225785,4.366277,111
8.371801,4.409794,105
7.517446,3.771146,94
7.966658,3.949083,143
7.740426,3.767018,71
8.459217,4.42642,93
6.929273,3.836551,86
8.225785,4.366277,99
8.371801,4.409794,95
7.203506,3.756726,97
8.099,4.251061,89
8.305508,4.394146,59
8.890929,4.393444,137
8.054197,4.140064,69
8.459217,4.42642,88
8.599773,4.39674,159
9.070041,4.380905,330
8.305508,4.394146,314
8.461419,4.425101,238
7.854922,3.811259,55
7.740426,3.767018,79
7.583394,3.762319,104
8.371801,4.409794,222
7.857968,3.789326,150
7.203506,3.756726,92
7.0576,3.756532,122
8.599773,4.39674,213
6.752479,3.75436,92
8.459217,4.42642,165
7.857968,3.789326,107
7.0576,3.756532,82
8.81565,4.454129,87
7.203506,3.756726,87
8.461419,4.425101,87
7.0576,3.756532,39
7.2628,3.738641,66
8.461419,4.425101,91
8.371801,4.409794,80
7.374074,3.746806,89
7.2628,3.738641,107
7.857968,3.789326,82
6.79224,3.705893,145
7.052894,3.729786,163
7.583394,3.762319,135
8.532729,4.375073,90
6.915806,3.711259,147
6.945045,3.713064,128
8.465559,4.30707,84
7.517446,3.771146,82
7.0576,3.756532,54
7.052894,3.729786,94
7.203506,3.756726,90
6.758976,3.674264,79
8.865763,4.661683,99
9.017283,4.753103,124
7.0576,3.756532,53
6.915806,3.711259,89
8.599773,4.39674,113
7.052894,3.729786,114
7.374074,3.746806,95
8.13483,4.032045,98
8.384631,4.264753,61
6.915806,3.711259,117
8.489846,4.314121,72
7.203506,3.756726,138
7.944919,3.930744,102
8.207462,4.072214,101
9.017283,4.753103,84
7.849733,3.899988,106
7.993579,3.97919,99
7.583394,3.762319,80
6.915806,3.711259,169
6.945045,3.713064,182
9.394908,4.91044,188
7.0576,3.756532,176
7.517446,3.771146,206
8.532729,4.375073,202
9.209531,4.869842,173
7.203506,3.756726,227
7.993579,3.97919,239
7.849733,3.899988,235
7.665682,3.824333,224
8.384631,4.264753,206
8.271349,4.161202,195
9.017283,4.753103,180
7.052894,3.729786,141
9.109644,4.819097,176
6.915806,3.711259,81
9.209531,4.869842,157
8.384631,4.264753,147
8.532729,4.375073,146
7.052894,3.729786,58
7.0576,3.756532,87
9.477854,5.055654,211
8.465559,4.30707,112
7.966658,3.949083,104
9.017283,4.753103,143
7.944919,3.930744,101
7.678301,3.783957,105
9.109644,4.819097,106
9.503638,5.041288,195
8.131323,4.087421,120
7.0576,3.756532,147
7.678301,3.783957,98
7.517446,3.771146,127
8.890556,4.578487,25
7.583394,3.762319,88
8.185383,4.139926,95
9.477854,5.055654,126
7.915298,3.968871,105
8.271349,4.161202,105
9.078418,4.874104,52
7.849733,3.899988,84
8.185383,4.139926,46
7.052894,3.729786,168
7.203506,3.756726,168
8.980318,4.825929,102
7.849733,3.899988,218
8.532729,4.375073,128
8.85375,4.695299,114
8.465559,4.30707,190
7.665682,3.824333,158
7.993579,3.97919,171
8.185383,4.139926,148
9.078418,4.874104,137
8.131323,4.087421,127
7.966658,3.949083,54
9.61117,5.189576,102
8.207462,4.072214,71
8.384631,4.264753,62
7.203506,3.756726,78
7.944919,3.930744,62
9.269483,5.066268,71
8.207462,4.072214,114
7.374074,3.746806,107
9.462883,5.162252,124
7.966658,3.949083,93
8.489846,4.314121,88
8.980318,4.825929,105
8.93392,4.756278,83
7.583394,3.762319,52
8.812425,4.530687,122
8.658072,4.350851,84
9.633837,5.278106,166
8.78314,4.502996,104
8.865763,4.661683,88
8.664214,4.35141,117
8.788643,4.466494,59
7.678301,3.783957,65
8.616993,4.289274,116
7.583394,3.762319,149
7.966658,3.949083,153
8.646298,4.300188,95
8.78314,4.502996,111
9.269483,5.066268,112
7.944919,3.930744,112
7.993579,3.97919,83
8.646298,4.300188,71
7.849733,3.899988,105
7.665682,3.824333,85
8.788643,4.466494,95
8.74937,4.39214,104
7.966658,3.949083,99
7.583394,3.762319,94
8.81565,4.454129,114
8.944269,4.655598,123
8.207462,4.072214,78
9.61117,5.189576,99
7.740426,3.767018,78
8.823435,4.432593,115
8.941466,4.684871,88
9.017283,4.753103,87
7.854922,3.811259,86
8.616993,4.289274,71
9.61117,5.189576,108
7.730943,3.683313,30
8.944269,4.655598,67
7.769951,3.734544,67
7.694444,3.678093,61
9.61117,5.189576,60
8.980318,4.825929,49
8.616993,4.289274,86
8.74937,4.39214,43
8.788643,4.466494,86
8.646298,4.300188,79
7.857968,3.789326,97
8.658072,4.350851,83
8.941466,4.684871,94
8.664214,4.35141,78
8.890556,4.578487,105
7.694444,3.678093,137
8.944269,4.655598,79
8.658072,4.350851,106
7.730943,3.683313,122
8.78314,4.502996,104
9.754983,5.367254,85
7.857968,3.789326,94
8.812425,4.530687,91
8.664214,4.35141,117
8.616993,4.289274,134
8.788643,4.466494,96
7.730943,3.683313,113
9.109644,4.819097,120
8.880071,4.575789,113
9.917062,5.436104,100
8.664214,4.35141,90
8.812425,4.530687,80
7.769951,3.734544,118
8.880071,4.575789,51
8.658072,4.350851,84
8.941466,4.684871,111
7.857968,3.789326,85
8.78314,4.502996,98
8.616993,4.289274,66
9.109644,4.819097,83
7.854922,3.811259,88
9.633837,5.278106,86
8.13483,4.032045,109
8.481103,4.210911,98
8.941466,4.684871,88
8.616993,4.289274,82
9.209531,4.869842,61
8.646298,4.300188,84
9.017283,4.753103,105
9.109644,4.819097,73
7.901265,3.983081,104
8.812425,4.530687,59
9.462883,5.162252,57
8.207462,4.072214,122
7.771762,3.968306,98
7.915298,3.968871,95
8.616993,4.289274,75
8.788643,4.466494,83
9.754983,5.367254,94
7.901265,3.983081,116
9.017283,4.753103,111
8.481103,4.210911,63
8.74937,4.39214,95
9.109644,4.819097,90
8.890556,4.578487,104
8.880071,4.575789,98
7.915298,3.968871,109
8.74937,4.39214,75
9.633837,5.278106,129
9.882545,5.709499,127
8.207462,4.072214,144
7.993579,3.97919,132
9.017283,4.753103,119
8.812425,4.530687,102
8.941466,4.684871,130
9.977026,5.796591,115
8.78314,4.502996,107
8.616993,4.289274,128
9.109644,4.819097,104
9.902454,5.736759,114
8.658072,4.350851,101
8.685706,4.375678,86
9.902454,5.736759,106
8.646298,4.300188,76
9.882545,5.709499,64
8.788643,4.466494,56
8.530659,4.094552,88
8.93392,4.756278,73
9.902454,5.736759,86
8.788643,4.466494,102
9.920527,5.800835,110
9.754983,5.367254,101
9.078418,4.874104,99
8.652524,4.173349,105
8.475815,3.899672,98
8.812425,4.530687,122
9.633837,5.278106,102
8.865763,4.661683,49
8.414816,3.686721,100
8.74937,4.39214,84
9.744643,5.37029,102
9.462883,5.162252,86
8.812425,4.530687,63
9.744643,5.37029,74
9.078418,4.874104,64
8.74937,4.39214,70
9.920527,5.800835,54
8.865763,4.661683,70
9.902454,5.736759,61
8.78314,4.502996,96
8.788643,4.466494,113
9.920527,5.800835,70
9.916706,6.20404,132
8.812425,4.530687,73
8.72645,4.211818,140
9.902454,5.736759,97
8.74937,4.39214,45
8.681806,4.080222,126
8.880071,4.575789,94
8.697782,4.1115,117
8.890556,4.578487,96
9.882545,5.709499,68
9.633837,5.278106,70
8.941466,4.684871,63
8.681806,4.080222,69
9.017283,4.753103,70
8.890556,4.578487,106
8.697782,4.1115,74
8.941466,4.684871,79
8.823435,4.432593,116
9.882545,5.709499,95
9.109644,4.819097,85
8.808082,4.265584,35
8.697782,4.1115,61
8.944269,4.655598,42
8.681806,4.080222,87
8.72645,4.211818,85
9.665065,5.384631,46
10.013924,6.135979,53
8.940832,4.554061,75
8.681806,4.080222,46
10.124671,6.255336,58
9.003726,4.589521,77
8.840255,4.339237,65
10.015429,6.027765,69
8.675902,4.099133,61
9.633837,5.278106,100
9.996669,6.026669,83
8.986947,4.503377,49
9.61117,5.189576,96
8.808082,4.265584,62
9.633837,5.278106,111
8.840255,4.339237,85
9.881939,5.789075,113
9.503638,5.041288,112
8.72645,4.211818,103
8.967088,4.497156,103
9.977423,5.950834,73
9.503638,5.041288,46
9.882545,5.709499,83
8.954551,4.51302,120
10.027966,5.935681,95
9.658282,5.457083,169
9.477854,5.055654,89
10.157826,6.169613,152
9.882545,5.709499,151
9.66975,5.454344,148
9.605882,5.367094,139
9.003726,4.589521,93
10.021888,5.931232,152
9.902454,5.736759,140
8.72645,4.211818,96
8.940832,4.554061,109
10.027966,5.935681,130
10.258201,6.335065,116
9.66975,5.454344,86
9.902454,5.736759,136
9.394908,4.91044,63
8.72645,4.211818,95
10.021888,5.931232,136
9.658282,5.457083,110
9.66975,5.454344,100
8.823435,4.432593,66
9.882545,5.709499,121
10.270092,6.357498,128
10.177406,6.136711,128
9.003726,4.589521,24
9.66975,5.454344,115
9.462883,5.162252,194
9.607042,5.435187,201
8.954551,4.51302,160
9.658282,5.457083,184
9.153773,4.683356,178
9.902454,5.736759,68
8.890929,4.393444,146
10.302903,6.657233,279
9.977026,5.796591,129
10.270092,6.357498,166
10.177406,6.136711,178
8.808082,4.265584,165
9.614065,5.460505,108
8.840255,4.339237,161
8.890929,4.393444,227
9.153773,4.683356,177
8.954551,4.51302,140
10.055477,6.029552,93
9.614065,5.460505,131
10.266126,6.195472,117
8.967088,4.497156,142
10.338837,6.563875,123
8.808082,4.265584,126
9.614065,5.460505,148
10.350441,6.598785,121
8.868496,4.348705,138
9.190069,4.731278,129
9.153773,4.683356,124
10.055477,6.029552,135
9.977423,5.950834,67
9.607042,5.435187,122
9.028928,4.536173,105
10.34442,6.466175,143
10.015429,6.027765,129
8.868496,4.348705,112
10.177406,6.136711,122
9.614065,5.460505,105
9.028928,4.536173,73
8.840255,4.339237,99
8.986947,4.503377,129
10.015429,6.027765,78
8.967088,4.497156,108
9.977423,5.950834,109
9.716003,5.6326,109
9.607042,5.435187,108
10.015429,6.027765,118
9.79641,5.698176,95
10.363968,6.462907,103
9.614065,5.460505,96
9.0431,4.715996,106
9.977423,5.950834,103
10.157826,6.169613,97
9.109644,4.819097,70
9.462883,5.162252,73
10.484524,6.7083,89
10.157826,6.169613,103
10.435911,6.613015,123
9.462883,5.162252,70
10.055477,6.029552,45
10.021888,5.931232,123
9.970576,5.886577,104
8.967088,4.497156,100
10.177406,6.136711,101
10.34442,6.466175,129
10.527382,6.670276,117
10.5128,6.677246,105
9.79641,5.698176,108
9.716003,5.6326,113
10.619908,6.825588,75
9.462883,5.162252,134
10.491121,6.615367,75
9.920527,5.800835,93
10.5128,6.677246,129
10.636783,6.918908,194
9.003726,4.589521,108
9.881939,5.789075,51
10.157826,6.169613,130
10.270092,6.357498,143
9.647762,5.599803,203
10.363968,6.462907,130
9.881939,5.789075,208
9.79641,5.698176,145
9.003726,4.589521,119
10.619908,6.825588,253
10.34442,6.466175,225
9.860863,5.774776,201
10.027966,5.935681,148
10.491121,6.615367,229
10.021888,5.931232,158
10.177406,6.136711,184
9.716003,5.6326,153
10.630184,6.930694,173
9.79641,5.698176,123
9.970576,5.886577,137
10.363968,6.462907,61
10.021888,5.931232,76
9.392259,5.364075,75
10.055477,6.029552,104
10.34442,6.466175,133
10.527382,6.670276,135
10.055477,6.029552,105
10.021888,5.931232,132
9.056019,5.091505,114
10.027966,5.935681,137
9.607042,5.435187,137
10.34442,6.466175,67
8.902629,4.851132,197
9.66975,5.454344,105
9.977026,5.796591,123
9.392259,5.364075,154
9.114629,5.126044,194
10.5128,6.677246,105
10.021888,5.931232,153
9.472965,5.397693,173
10.055477,6.029552,143
9.882545,5.709499,21
8.91788,4.837105,128
9.056019,5.091505,199
10.027966,5.935681,150
9.614065,5.460505,169
9.392259,5.364075,179
9.607042,5.435187,167
10.270092,6.357498,96
8.902629,4.851132,147
10.61457,6.756775,95
10.61457,6.756775,83
10.177406,6.136711,70
9.392259,5.364075,71
9.472965,5.397693,77
10.177406,6.136711,49
10.756161,6.826458,37
10.270092,6.357498,81
10.527382,6.670276,81
9.920527,5.800835,72
10.021888,5.931232,76
10.34442,6.466175,117
10.491121,6.615367,113
10.61457,6.756775,112
9.14524,5.31132,62
9.605882,5.367094,115
10.924027,6.942932,139
10.270092,6.357498,130
10.363968,6.462907,115
9.66975,5.454344,114
10.258201,6.335065,164
10.34442,6.466175,145
9.902454,5.736759,150
10.61457,6.756775,141
9.882545,5.709499,123
10.177406,6.136711,166
10.491121,6.615367,108
10.363968,6.462907,105
9.716003,5.6326,68
10.635704,6.713461,91
10.435911,6.613015,78
9.357355,5.295977,154
9.716003,5.6326,153
10.756161,6.826458,111
9.056019,5.091505,117
9.287791,5.219895,143
10.213631,6.068257,187
10.686144,6.763613,92
10.5128,6.677246,157
9.114629,5.126044,142
10.34442,6.466175,163
10.266126,6.195472,122
10.363968,6.462907,149
10.756161,6.826458,137
11.056922,7.105379,172
9.287791,5.219895,127
9.882545,5.709499,124
9.392259,5.364075,116
10.686144,6.763613,126
10.177406,6.136711,100
10.34442,6.466175,122
10.527382,6.670276,135
10.5128,6.677246,94
11.033301,7.037754,102
10.491121,6.615367,98
9.716003,5.6326,119
9.902454,5.736759,110
10.756161,6.826458,47
10.527382,6.670276,98
11.23189,7.090374,91
10.686144,6.763613,113
9.716003,5.6326,68
10.435911,6.613015,105
9.882545,5.709499,63
10.635704,6.713461,97
11.23189,7.090374,179
10.669631,6.725586,89
9.357355,5.295977,70
9.472965,5.397693,123
9.357355,5.295977,92
11.028471,7.034469,113
10.491121,6.615367,89
10.888153,6.847309,116
9.287791,5.219895,94
10.338837,6.563875,79
11.056922,7.105379,22
9.977026,5.796591,109
9.472965,5.397693,91
10.606818,6.669706,84
10.435911,6.613015,110
9.882545,5.709499,118
10.258201,6.335065,127
11.146109,7.147717,99
11.210739,7.224984,94
11.210739,7.224984,163
10.664559,6.676523,80
10.338837,6.563875,67
10.491121,6.615367,69
10.027966,5.935681,96
10.177406,6.136711,73
10.797321,6.72248,75
10.830302,6.72076,92
9.881939,5.789075,56
11.146109,7.147717,125
10.34442,6.466175,77
10.435911,6.613015,56
11.117665,7.089052,87
10.527382,6.670276,107
10.686144,6.763613,47
10.635704,6.713461,104
9.920527,5.800835,74
11.146109,7.147717,84
9.472965,5.397693,122
10.084128,6.319473,107
10.096386,6.320638,111
10.527382,6.670276,107
10.338837,6.563875,147
10.797321,6.72248,162
10.075033,6.262756,100
10.435911,6.613015,148
9.79641,5.698176,87
11.164109,7.098862,105
10.096386,6.320638,56
10.350441,6.598785,100
11.21778,7.276101,67
10.096386,6.320638,190
9.996669,6.026669,199
9.977423,5.950834,191
10.350441,6.598785,71
11.21778,7.276101,72
10.013924,6.135979,180
10.127078,6.413926,128
10.075033,6.262756,193
11.091033,7.024212,316
10.435911,6.613015,203
11.194956,7.277893,303
10.606818,6.669706,177
9.79641,5.698176,153
11.117665,7.089052,278
10.664559,6.676523,174
9.63326,5.626016,143
10.015429,6.027765,140
10.084128,6.319473,241
11.263186,7.446657,277
10.797321,6.72248,212
9.970576,5.886577,301
11.146109,7.147717,183
9.882545,5.709499,317
9.996669,6.026669,298
10.660502,6.647404,186
10.664559,6.676523,236
10.013924,6.135979,289
9.977423,5.950834,291
11.292606,7.524323,190
10.015429,6.027765,241
10.121574,6.383002,179
9.66975,5.454344,248
10.338837,6.563875,186
10.084128,6.319473,357
11.21778,7.276101,354
9.658282,5.457083,231
10.797321,6.72248,347
11.091033,7.024212,340
9.902454,5.736759,251
11.210739,7.224984,323
11.146109,7.147717,282
10.830302,6.72076,243
11.117665,7.089052,273
10.006693,6.246235,159
10.435911,6.613015,293
10.013924,6.135979,280
10.606818,6.669706,278
10.491121,6.615367,265
9.920527,5.800835,381
10.096386,6.320638,198
9.902454,5.736759,458
11.353893,7.443236,333
10.797321,6.72248,166
11.342188,7.431602,317
9.970576,5.886577,613
10.084128,6.319473,149
9.658282,5.457083,676
11.146109,7.147717,270
9.66975,5.454344,683
10.013924,6.135979,356
9.977423,5.950834,607
11.117665,7.089052,110
10.096386,6.320638,107
10.075033,6.262756,658
10.015429,6.027765,651
9.996669,6.026669,498
10.34442,6.466175,594
10.660502,6.647404,449
10.714661,6.663138,449
11.21778,7.276101,129
10.702296,6.654797,568
10.491121,6.615367,417
10.096386,6.320638,559
11.342188,7.431602,204
9.882545,5.709499,510
11.374047,7.448474,241
11.353893,7.443236,645
11.146109,7.147717,435
10.830302,6.72076,437
10.797321,6.72248,441
11.383722,7.460627,1087
11.523138,7.56812,1006
10.734947,6.659215,328
9.902454,5.736759,331
11.21778,7.276101,345
11.460302,7.516407,957
11.374047,7.448474,1663
11.388611,7.484849,1792
10.363968,6.462907,335
9.920527,5.800835,263
11.342188,7.431602,1992
11.366162,7.440496,1923
10.096386,6.320638,132
10.015429,6.027765,141
10.702296,6.654797,229
10.714661,6.663138,228
11.353893,7.443236,1829
9.860863,5.774776,93
10.013924,6.135979,128
10.338837,6.563875,113
10.075033,6.262756,147
10.491121,6.615367,137
11.091033,7.024212,147
10.084128,6.319473,152
10.096386,6.320638,158
10.435911,6.613015,150
10.121574,6.383002,160
11.123058,7.173041,394
9.860863,5.774776,100
10.830302,6.72076,256
11.119303,7.209004,431
10.606818,6.669706,326
10.006693,6.246235,173
10.797321,6.72248,273
10.338837,6.563875,270
10.664559,6.676523,288
10.491121,6.615367,266
10.121574,6.383002,239
10.435911,6.613015,238
11.117665,7.089052,361
9.902454,5.736759,129
10.127078,6.413926,157
9.882545,5.709499,70
10.664559,6.676523,64
11.123058,7.173041,121
10.830302,6.72076,103
11.087293,7.185264,317
10.084128,6.319473,106
11.089466,7.160141,307
10.797321,6.72248,111
10.435911,6.613015,120
10.635704,6.713461,99
10.121574,6.383002,99
11.172839,6.956164,275
10.084128,6.319473,106
11.117665,7.089052,218
10.669631,6.725586,97
9.881939,5.789075,49
10.435911,6.613015,105
10.006693,6.246235,112
10.527382,6.670276,129
10.714661,6.663138,120
10.920155,6.671038,317
11.087293,7.185264,196
11.117665,7.089052,314
10.702296,6.654797,152
10.664559,6.676523,210
10.435911,6.613015,131
11.383722,7.460627,935
11.172839,6.956164,330
9.763775,5.812819,75
10.491121,6.615367,75
10.121574,6.383002,147
11.460302,7.516407,888
11.089466,7.160141,300
11.263186,7.446657,873
10.006693,6.246235,114
10.635704,6.713461,119
11.560729,7.57175,740
10.527382,6.670276,78
10.121574,6.383002,99
11.23706,7.453669,650
10.127078,6.413926,129
10.5128,6.677246,117
10.338837,6.563875,162
11.117665,7.089052,108
10.350441,6.598785,151
10.527382,6.670276,155
11.523138,7.56812,569
11.089466,7.160141,276
10.669631,6.725586,144
11.342188,7.431602,475
10.830302,6.72076,105
10.797321,6.72248,88
11.374047,7.448474,428
10.635704,6.713461,107
11.353893,7.443236,397
11.085051,7.393568,383
10.5128,6.677246,80
11.164109,7.098862,112
11.366162,7.440496,263
10.195173,6.505825,164
10.10504,6.398958,160
10.127078,6.413926,156
10.209685,6.534508,165
10.635704,6.713461,136
10.527382,6.670276,125
11.087293,7.185264,192
11.089466,7.160141,160
11.239074,6.961128,135
11.146109,7.147717,133
10.797321,6.72248,116
11.123058,7.173041,109
10.527382,6.670276,83
10.5128,6.677246,80
11.056236,7.378168,68
10.635704,6.713461,66
10.129888,6.480598,32
