Ts,x,y,label,life
7,1.31691,0.03795,0.0,0
4,1.39092,0.01885,0.0,0
1,1.44814,0.00656,0.0,0
11,1.47837,0.08563,0.0,0
7,1.50302,0.03474,0.0,0
2,1.53731,0.01092,0.0,0
9,1.58242,0.03366,0.0,0
1,1.59223,0.00409,0.0,0
12,1.60889,0.06557,0.0,0
12,1.65589,0.05827,0.0,0
1,1.69577,-0.02249,0.0,0
2,1.71644,0.00519,0.0,0
1,1.74536,-0.01511,0.0,0
9,1.74814,0.06612,0.0,0
17,1.76895,0.13229,0.0,0
1,1.84527,-0.00246,0.0,0
1,1.84976,-0.01774,0.0,0
16,1.86825,0.06545,0.0,0
3,1.93935,0.05482,0.0,0
20,1.96960,0.10191,0.0,0
6,1.97295,0.06557,0.0,0
4,2.03789,0.05531,0.0,0
23,2.07317,0.13437,0.0,0
4,2.09179,0.04823,0.0,0
11,2.09420,-0.00527,0.0,0
9,2.09546,0.03707,0.0,0
3,2.10783,0.07936,0.0,0
2,2.11952,0.03935,0.0,0
1,2.11997,0.02182,0.0,0
5,2.19267,0.04368,0.0,0
9,2.23717,-0.00702,0.0,0
27,2.24743,0.18260,0.0,0
9,2.25581,0.01375,0.0,0
5,2.30527,0.01342,0.0,0
6,2.40233,0.01764,0.0,0
1,2.40740,-0.01938,0.0,0
15,2.44481,0.07286,0.0,0
33,2.45062,-0.12758,0.0,0
25,2.47879,-0.02748,0.0,0
13,2.48866,0.08661,0.0,0
5,2.49229,0.02471,0.0,0
4,2.51343,0.02318,0.0,0
35,2.52735,-0.16793,0.0,0
17,2.54799,-0.02680,0.0,0
20,2.55546,-0.01839,0.0,0
9,2.56046,0.06368,0.0,0
33,2.56174,-0.12755,0.0,0
3,2.56609,0.00982,0.0,0
9,2.58030,0.03214,0.0,0
30,2.59590,-0.06910,0.0,0
19,2.66943,-0.04621,0.0,0
35,2.67224,-0.15653,0.0,0
6,2.68115,0.01959,0.0,0
25,2.69089,-0.08181,0.0,0
15,2.71485,0.07004,0.0,0
14,2.71577,0.07464,0.0,0
21,2.73242,-0.06357,0.0,0
3,2.73769,-0.00385,0.0,0
33,2.74413,-0.14102,0.0,0
0,2.74578,-0.00591,0.0,0
10,2.76226,0.04762,0.0,0
4,2.76533,0.00389,0.0,0
21,2.77482,-0.05384,0.0,0
34,2.80710,-0.14981,0.0,0
24,2.80964,-0.09944,0.0,0
22,2.81037,-0.07864,0.0,0
32,2.81290,-0.15242,0.0,0
21,2.82102,-0.07134,0.0,0
22,2.86556,-0.07762,0.0,0
14,2.86651,0.07778,0.0,0
14,2.88076,0.07348,0.0,0
21,2.89183,-0.09034,0.0,0
23,2.93163,-0.08581,0.0,0
24,2.93914,-0.09116,0.0,0
23,2.97564,-0.10769,0.0,0
2,2.97690,0.01087,0.0,0
28,2.98444,-0.17875,0.0,0
1,2.99854,-0.00760,1.0,1
2,2.99854,-0.00760,1.0,1
9,3.02214,0.04830,0.0,0
43,3.02649,-0.24217,0.0,0
3,3.04105,0.00571,0.0,0
44,3.04321,-0.24659,0.0,0
24,3.05201,-0.09155,0.0,0
1,3.06520,-0.00828,0.0,0
30,3.06623,-0.13943,0.0,0
7,3.06790,0.01957,0.0,0
24,3.06920,-0.10387,0.0,0
28,3.06934,-0.17715,0.0,0
24,3.11680,-0.10435,0.0,0
35,3.14350,-0.14591,0.0,0
43,3.15299,-0.21032,0.0,0
28,3.16518,-0.17495,0.0,0
41,3.16963,-0.20252,0.0,0
8,3.20578,0.06245,0.0,0
23,3.20913,-0.11573,0.0,0
24,3.24273,-0.09475,0.0,0
7,3.24282,0.06185,0.0,0
8,3.29399,0.06435,0.0,0
1,3.29926,0.01117,0.0,0
39,3.30611,-0.22547,0.0,0
39,3.31987,-0.21689,0.0,0
39,3.32539,-0.23767,0.0,0
14,3.32943,-0.01411,0.0,0
21,3.34211,-0.04941,0.0,0
49,3.34907,-0.08819,0.0,0
28,3.37523,-0.17418,0.0,0
23,3.39605,-0.09614,0.0,0
22,3.47952,-0.09876,0.0,0
35,3.57912,-0.16399,0.0,0
40,3.58051,-0.18989,0.0,0
22,3.58689,-0.12713,0.0,0
57,3.59566,-0.22096,0.0,0
1,3.63469,-0.00237,0.0,0
21,3.63976,-0.12889,0.0,0
1,3.64037,0.02506,0.0,0
7,3.64305,-0.04266,0.0,0
61,3.68816,0.11372,0.0,0
6,3.70896,-0.04882,0.0,0
12,3.72219,-0.07948,0.0,0
59,3.73393,0.07640,0.0,0
59,3.74706,0.07937,0.0,0
1,3.77064,0.03007,1.0,1
2,3.77064,0.03007,1.0,1
3,3.78872,0.01115,0.0,0
33,3.79281,-0.05751,1.0,1
34,3.79281,-0.05751,1.0,1
51,3.79867,0.01016,0.0,0
56,3.81838,0.05303,1.0,1
57,3.81838,0.05303,1.0,1
23,3.83212,-0.13502,0.0,0
6,3.83425,-0.04911,0.0,0
70,3.85782,0.44928,0.0,0
58,3.86163,0.15941,0.0,0
40,3.88434,0.11478,0.0,0
1,3.88951,0.01594,1.0,1
2,3.88951,0.01594,1.0,1
59,3.89678,0.18890,0.0,0
13,3.89958,-0.07747,0.0,0
33,3.90269,-0.00054,0.0,0
40,3.90399,0.14902,0.0,0
70,3.91261,0.44144,0.0,0
58,3.93218,0.21549,0.0,0
7,3.93919,-0.03990,0.0,0
56,3.94219,0.29635,0.0,0
56,3.94517,0.29029,0.0,0
12,3.97048,-0.10204,0.0,0
53,3.97079,0.19040,0.0,0
4,3.97181,-0.00095,0.0,0
58,3.98178,0.29460,0.0,0
37,3.98647,0.16399,0.0,0
37,3.98981,0.15257,0.0,0
36,4.02291,0.18699,0.0,0
30,4.03267,-0.08113,0.0,0
3,4.03915,-0.02151,0.0,0
8,4.05554,-0.03598,0.0,0
33,4.06203,0.13746,1.0,1
34,4.06203,0.13746,1.0,1
75,4.06714,0.71572,0.0,0
33,4.07332,0.17018,0.0,0
55,4.08333,0.40605,1.0,1
56,4.08333,0.40605,1.0,1
37,4.09425,0.28787,0.0,0
39,4.09595,0.29745,0.0,0
71,4.10253,0.51661,0.0,0
55,4.12073,0.45022,1.0,1
56,4.12073,0.45022,1.0,1
17,4.13478,-0.10199,0.0,0
36,4.14052,0.29200,0.0,0
46,4.14262,0.26388,0.0,0
53,4.16461,0.44514,0.0,0
58,4.16654,0.50499,0.0,0
77,4.17275,0.74397,0.0,0
37,4.17825,0.33769,0.0,0
52,4.18359,0.52591,0.0,0
53,4.18801,0.45918,0.0,0
33,4.19326,0.28577,0.0,0
18,4.20338,-0.11901,0.0,0
78,4.21382,0.75438,0.0,0
59,4.22885,0.45637,0.0,0
74,4.23841,0.71087,0.0,0
10,4.26133,-0.06008,0.0,0
33,4.26276,0.35253,0.0,0
34,4.26994,0.38715,0.0,0
21,4.27037,-0.02132,0.0,0
22,4.29713,-0.00150,0.0,0
75,4.29807,0.70677,0.0,0
51,4.30450,0.54820,0.0,0
12,4.37609,-0.04780,0.0,0
27,4.41283,0.03166,0.0,0
43,4.42038,0.47327,0.0,0
44,4.42554,0.49591,0.0,0
17,4.43875,-0.05319,0.0,0
21,4.44353,0.10811,0.0,0
57,4.45343,0.60079,0.0,0
56,4.47946,0.59877,0.0,0
22,4.50686,0.13661,0.0,0
26,4.50819,0.12766,0.0,0
15,4.51579,0.03709,0.0,0
56,4.53776,0.59833,0.0,0
65,4.54777,0.60307,1.0,1
66,4.54777,0.60307,1.0,1
60,4.55173,0.64047,0.0,0
21,4.56072,0.22075,1.0,1
22,4.56072,0.22075,1.0,1
23,4.56848,0.22602,0.0,0
54,4.56928,0.58271,0.0,0
82,4.57094,0.86642,0.0,0
33,4.58188,0.45132,1.0,1
34,4.58188,0.45132,1.0,1
30,4.58562,0.23669,0.0,0
34,4.58946,0.46182,1.0,1
35,4.58946,0.46182,1.0,1
41,4.60393,0.48338,0.0,0
46,4.61790,0.51501,0.0,0
59,4.62492,0.62033,0.0,0
38,4.63586,0.40968,0.0,0
33,4.64177,0.44042,1.0,1
34,4.64177,0.44042,1.0,1
33,4.64463,0.43191,1.0,2
34,4.64463,0.43191,1.0,2
35,4.64463,0.43191,1.0,2
58,4.64805,0.59884,0.0,0
86,4.66115,0.70333,0.0,0
47,4.66583,0.46627,0.0,0
32,4.72981,0.40037,0.0,0
64,4.76286,0.60415,0.0,0
31,4.79049,0.35541,0.0,0
42,4.80075,0.49417,0.0,0
82,4.80707,0.17167,0.0,0
81,4.80983,0.21618,0.0,0
26,4.81881,0.32128,0.0,0
30,4.81909,0.38892,0.0,0
83,4.82343,0.12612,0.0,0
84,4.82608,0.18853,0.0,0
83,4.82952,0.13402,0.0,0
28,4.84153,0.31986,0.0,0
34,4.84391,0.32639,1.0,1
35,4.84391,0.32639,1.0,1
55,4.85291,0.51843,0.0,0
48,4.86912,0.40634,0.0,0
43,4.88221,0.48921,0.0,0
82,4.88831,0.09102,0.0,0
68,4.91162,0.23927,0.0,0
91,4.91330,0.14690,0.0,0
29,4.91568,0.28694,1.0,1
30,4.91568,0.28694,1.0,1
40,4.93159,0.43327,0.0,0
76,4.93418,0.18751,0.0,0
70,4.93746,0.15965,0.0,0
70,4.97817,0.13070,0.0,0
56,4.99379,0.33258,0.0,0
67,4.99638,0.15796,1.0,1
68,4.99638,0.15796,1.0,1
33,4.99927,0.31153,0.0,0
80,5.00006,0.01596,0.0,0
30,5.00607,0.19649,0.0,0
32,5.00902,0.30013,0.0,0
80,5.01075,-0.03206,0.0,0
80,5.03944,-0.04075,0.0,0
62,5.04030,0.22602,0.0,0
32,5.05242,0.28056,0.0,0
51,5.05824,0.43059,0.0,0
67,5.06241,0.09206,0.0,0
33,5.09064,0.27711,1.0,1
34,5.09064,0.27711,1.0,1
33,5.09909,0.28970,1.0,2
34,5.09909,0.28970,1.0,2
35,5.09909,0.28970,1.0,2
56,5.10830,0.21627,0.0,0
101,5.14249,-0.15729,0.0,0
68,5.15507,0.04168,1.0,1
69,5.15507,0.04168,1.0,1
72,5.18652,0.06944,0.0,0
64,5.19034,0.07136,0.0,0
67,5.19384,0.03988,1.0,2
68,5.19384,0.03988,1.0,2
69,5.19384,0.03988,1.0,2
55,5.19832,0.17052,0.0,0
65,5.20717,0.05753,1.0,1
66,5.20717,0.05753,1.0,1
49,5.21390,0.34310,0.0,0
56,5.21606,0.15339,0.0,0
92,5.22239,-0.10720,0.0,0
72,5.23200,0.08524,0.0,0
44,5.23627,0.36153,0.0,0
66,5.25115,0.03041,0.0,0
91,5.25640,-0.10132,0.0,0
65,5.27275,0.06379,0.0,0
77,5.27704,-0.09668,0.0,0
56,5.28034,0.11512,1.0,1
57,5.28034,0.11512,1.0,1
72,5.28185,0.06529,0.0,0
67,5.28455,-0.00385,1.0,1
68,5.28455,-0.00385,1.0,1
159,5.29887,1.91922,0.0,0
45,5.30122,0.33652,0.0,0
107,5.31497,-0.30139,0.0,0
67,5.31790,-0.00532,1.0,1
68,5.31790,-0.00532,1.0,1
95,5.32257,-0.07190,0.0,0
58,5.33863,0.09829,0.0,0
41,5.33959,0.37510,1.0,1
42,5.33959,0.37510,1.0,1
66,5.35646,-0.00885,1.0,2
67,5.35646,-0.00885,1.0,2
68,5.35646,-0.00885,1.0,2
59,5.36761,0.11388,0.0,0
78,5.37087,-0.07659,0.0,0
102,5.37441,-0.18202,0.0,0
54,5.37602,0.13596,0.0,0
76,5.37950,-0.05191,0.0,0
91,5.38139,-0.12134,0.0,0
45,5.38227,0.32091,0.0,0
50,5.38792,0.25472,0.0,0
75,5.39168,-0.03071,0.0,0
96,5.39244,-0.12375,0.0,0
58,5.39316,0.11751,0.0,0
47,5.40245,0.29037,0.0,0
42,5.40679,0.39826,0.0,0
62,5.40699,0.06629,0.0,0
135,5.42489,0.55903,0.0,0
65,5.43431,0.00380,1.0,3
66,5.43431,0.00380,1.0,3
67,5.43431,0.00380,1.0,3
68,5.43431,0.00380,1.0,3
137,5.44213,0.74864,0.0,0
66,5.44291,0.00956,1.0,2
67,5.44291,0.00956,1.0,2
68,5.44291,0.00956,1.0,2
87,5.45015,-0.12120,0.0,0
67,5.45505,-0.00677,1.0,1
68,5.45505,-0.00677,1.0,1
139,5.46182,0.67311,0.0,0
56,5.46700,0.08700,1.0,1
57,5.46700,0.08700,1.0,1
137,5.47608,0.76157,0.0,0
81,5.47962,-0.09841,0.0,0
156,5.50006,1.60827,0.0,0
163,5.50467,2.12303,0.0,0
65,5.50546,0.01553,1.0,3
66,5.50546,0.01553,1.0,3
67,5.50546,0.01553,1.0,3
68,5.50546,0.01553,1.0,3
48,5.50798,0.22072,0.0,0
154,5.52140,1.67064,0.0,0
135,5.52728,0.80565,0.0,0
65,5.52755,0.01680,1.0,3
66,5.52755,0.01680,1.0,3
67,5.52755,0.01680,1.0,3
68,5.52755,0.01680,1.0,3
156,5.52861,1.71027,0.0,0
65,5.52997,0.01276,1.0,2
66,5.52997,0.01276,1.0,2
67,5.52997,0.01276,1.0,2
130,5.53291,0.78353,0.0,0
130,5.53811,0.73802,0.0,0
127,5.54062,0.86647,0.0,0
150,5.54104,1.60484,0.0,0
62,5.54110,0.07625,0.0,0
130,5.54296,0.69446,0.0,0
126,5.55042,0.82218,0.0,0
127,5.55411,0.77555,0.0,0
168,5.55969,2.31448,0.0,0
144,5.56523,1.15965,0.0,0
48,5.56891,0.28505,0.0,0
46,5.57481,0.31599,0.0,0
125,5.57490,0.94742,0.0,0
82,5.57778,-0.03088,0.0,0
105,5.57999,-0.24144,0.0,0
135,5.58069,1.84182,0.0,0
144,5.58621,1.12185,0.0,0
142,5.58789,1.68456,0.0,0
125,5.58894,0.93451,1.0,1
126,5.58894,0.93451,1.0,1
134,5.59338,1.93182,0.0,0
146,5.59572,1.87464,0.0,0
129,5.59610,1.02603,0.0,0
138,5.59853,1.78344,0.0,0
134,5.59929,1.81567,0.0,0
61,5.59988,0.41942,0.0,0
65,5.60027,0.03553,1.0,1
66,5.60027,0.03553,1.0,1
143,5.60037,1.53336,0.0,0
134,5.60370,2.03274,0.0,0
130,5.61106,0.53664,0.0,0
132,5.61236,1.81599,0.0,0
143,5.61635,1.42731,0.0,0
65,5.61822,0.08062,0.0,0
126,5.62215,0.69571,0.0,0
83,5.62557,-0.02388,0.0,0
147,5.62599,1.21979,0.0,0
56,5.62724,0.40349,1.0,5
57,5.62724,0.40349,1.0,5
58,5.62724,0.40349,1.0,5
59,5.62724,0.40349,1.0,5
60,5.62724,0.40349,1.0,5
61,5.62724,0.40349,1.0,5
143,5.62782,1.51784,0.0,0
65,5.62817,0.04950,1.0,1
66,5.62817,0.04950,1.0,1
142,5.63688,1.55081,0.0,0
146,5.64062,1.99570,0.0,0
54,5.64093,0.38184,1.0,7
55,5.64093,0.38184,1.0,7
56,5.64093,0.38184,1.0,7
57,5.64093,0.38184,1.0,7
58,5.64093,0.38184,1.0,7
59,5.64093,0.38184,1.0,7
60,5.64093,0.38184,1.0,7
61,5.64093,0.38184,1.0,7
147,5.64190,1.86955,0.0,0
96,5.64283,-0.12633,0.0,0
68,5.65283,0.09266,1.0,1
69,5.65283,0.09266,1.0,1
49,5.65458,0.30583,1.0,3
50,5.65458,0.30583,1.0,3
51,5.65458,0.30583,1.0,3
52,5.65458,0.30583,1.0,3
48,5.65613,0.31861,1.0,4
49,5.65613,0.31861,1.0,4
50,5.65613,0.31861,1.0,4
51,5.65613,0.31861,1.0,4
52,5.65613,0.31861,1.0,4
54,5.66587,0.27009,0.0,0
57,5.66978,0.28676,1.0,1
58,5.66978,0.28676,1.0,1
133,5.67122,1.72336,0.0,0
47,5.67296,0.32570,1.0,4
48,5.67296,0.32570,1.0,4
49,5.67296,0.32570,1.0,4
50,5.67296,0.32570,1.0,4
51,5.67296,0.32570,1.0,4
46,5.67531,0.32258,1.0,2
47,5.67531,0.32258,1.0,2
48,5.67531,0.32258,1.0,2
111,5.68015,1.06471,0.0,0
159,5.68410,2.18773,0.0,0
137,5.68478,0.92029,0.0,0
110,5.68814,0.95826,0.0,0
142,5.69625,0.96625,0.0,0
142,5.69659,2.17958,0.0,0
160,5.69670,2.19161,0.0,0
117,5.70448,0.63874,0.0,0
95,5.70839,-0.11410,0.0,0
80,5.70888,0.00404,0.0,0
171,5.70938,2.25784,0.0,0
135,5.71024,2.12329,0.0,0
60,5.71130,0.31585,1.0,2
61,5.71130,0.31585,1.0,2
62,5.71130,0.31585,1.0,2
61,5.71343,0.17736,1.0,1
62,5.71343,0.17736,1.0,1
65,5.71654,0.13167,1.0,1
66,5.71654,0.13167,1.0,1
110,5.72007,0.83294,0.0,0
87,5.72202,0.63982,0.0,0
79,5.73100,0.01687,0.0,0
87,5.73464,0.63952,0.0,0
128,5.73629,1.88016,0.0,0
109,5.73787,-0.20836,0.0,0
63,5.74265,0.33931,0.0,0
138,5.74549,2.19355,0.0,0
92,5.74845,1.51970,0.0,0
167,5.74977,2.28246,0.0,0
93,5.75331,1.46298,0.0,0
104,5.75442,-0.16723,1.0,1
105,5.75442,-0.16723,1.0,1
66,5.76278,0.31449,1.0,1
67,5.76278,0.31449,1.0,1
101,5.76522,1.21056,0.0,0
168,5.76526,2.29511,1.0,1
169,5.76526,2.29511,1.0,1
129,5.76832,1.82174,0.0,0
68,5.77023,0.17529,1.0,1
69,5.77023,0.17529,1.0,1
101,5.77262,0.93049,0.0,0
70,5.77754,0.67669,0.0,0
78,5.78031,0.74927,0.0,0
60,5.78308,0.26503,1.0,2
61,5.78308,0.26503,1.0,2
62,5.78308,0.26503,1.0,2
65,5.78391,0.46760,0.0,0
64,5.78556,0.49468,0.0,0
69,5.78741,0.19824,0.0,0
99,5.78921,1.09749,0.0,0
91,5.79070,1.22772,0.0,0
84,5.79163,0.04404,0.0,0
105,5.79207,-0.14785,0.0,0
97,5.79660,1.78156,0.0,0
76,5.79739,0.88509,0.0,0
96,5.79899,1.65778,0.0,0
89,5.79987,1.18974,0.0,0
74,5.80274,0.75645,1.0,1
75,5.80274,0.75645,1.0,1
74,5.80844,0.84062,1.0,1
75,5.80844,0.84062,1.0,1
77,5.80851,0.91418,1.0,1
78,5.80851,0.91418,1.0,1
73,5.81225,0.31272,0.0,0
91,5.81563,1.29592,0.0,0
89,5.81622,1.23628,0.0,0
75,5.81679,0.87362,1.0,1
76,5.81679,0.87362,1.0,1
155,5.81755,2.24778,0.0,0
73,5.81843,0.64148,0.0,0
95,5.82048,1.41016,0.0,0
133,5.82251,2.15707,0.0,0
118,5.82352,1.96840,1.0,1
119,5.82352,1.96840,1.0,1
74,5.82446,0.75254,0.0,0
75,5.82621,0.40461,0.0,0
95,5.83125,1.28980,0.0,0
95,5.83509,1.30901,0.0,0
75,5.83656,0.41607,0.0,0
83,5.84063,0.90889,0.0,0
82,5.84463,0.88727,0.0,0
99,5.84667,1.86814,0.0,0
95,5.85411,0.78295,0.0,0
93,5.85671,0.83253,0.0,0
93,5.86032,0.78353,0.0,0
91,5.86319,0.58045,0.0,0
83,5.86328,0.35843,0.0,0
99,5.86644,1.70648,0.0,0
92,5.86738,0.67885,0.0,0
100,5.86760,1.90147,0.0,0
84,5.86813,0.93215,1.0,1
85,5.86813,0.93215,1.0,1
93,5.86834,0.71995,0.0,0
91,5.86914,0.58022,0.0,0
115,5.86937,1.95108,1.0,1
116,5.86937,1.95108,1.0,1
105,5.87024,1.29624,0.0,0
129,5.87191,2.10018,1.0,1
130,5.87191,2.10018,1.0,1
85,5.87598,0.15059,0.0,0
121,5.87646,2.08346,1.0,1
122,5.87646,2.08346,1.0,1
130,5.87889,2.11392,0.0,0
132,5.87912,2.14834,0.0,0
92,5.88113,0.65274,0.0,0
102,5.88791,1.43104,0.0,0
118,5.89808,2.06315,0.0,0
104,5.89852,1.40419,0.0,0
87,5.89881,0.16873,0.0,0
142,5.90046,2.20971,0.0,0
84,5.90449,0.99049,1.0,1
85,5.90449,0.99049,1.0,1
106,5.90618,0.04732,0.0,0
116,5.90845,2.03217,1.0,2
117,5.90845,2.03217,1.0,2
118,5.90845,2.03217,1.0,2
111,5.90893,1.85520,1.0,1
112,5.90893,1.85520,1.0,1
135,5.90923,2.18429,0.0,0
106,5.91104,1.40069,0.0,0
128,5.91329,1.24165,0.0,0
101,5.91500,0.08612,0.0,0
105,5.91740,0.09634,0.0,0
129,5.91807,1.59051,0.0,0
111,5.92021,1.97194,1.0,1
112,5.92021,1.97194,1.0,1
110,5.92023,1.73325,0.0,0
94,5.92062,0.58497,0.0,0
121,5.92094,2.07752,0.0,0
111,5.92139,1.76680,1.0,1
112,5.92139,1.76680,1.0,1
116,5.92270,2.02571,1.0,1
117,5.92270,2.02571,1.0,1
111,5.92372,1.93179,1.0,1
112,5.92372,1.93179,1.0,1
113,5.93764,1.76109,0.0,0
123,5.93857,1.21217,0.0,0
109,5.94458,1.93915,0.0,0
113,5.94783,1.73929,0.0,0
95,5.95132,0.47334,0.0,0
125,5.95165,2.16883,0.0,0
99,5.95288,0.18839,0.0,0
95,5.95430,0.49996,0.0,0
115,5.95947,-0.15187,0.0,0
106,5.97097,1.87021,0.0,0
85,5.97198,1.01865,1.0,1
86,5.97198,1.01865,1.0,1
106,5.97331,1.84541,0.0,0
115,5.97605,0.02802,0.0,0
100,5.98068,0.17635,0.0,0
104,5.98283,1.58086,0.0,0
115,5.98289,0.04678,0.0,0
116,5.98574,-0.07300,0.0,0
124,5.98656,2.15069,1.0,1
125,5.98656,2.15069,1.0,1
106,5.99288,1.80107,0.0,0
111,5.99320,2.06862,1.0,3
112,5.99320,2.06862,1.0,3
113,5.99320,2.06862,1.0,3
114,5.99320,2.06862,1.0,3
122,5.99988,1.26464,0.0,0
123,6.00769,1.27979,0.0,0
84,6.01060,1.05663,1.0,1
85,6.01060,1.05663,1.0,1
106,6.01108,1.93350,1.0,1
107,6.01108,1.93350,1.0,1
101,6.01161,0.30085,0.0,0
85,6.01954,1.04224,1.0,1
86,6.01954,1.04224,1.0,1
119,6.02020,2.11562,0.0,0
118,6.02114,0.10967,0.0,0
106,6.03423,1.91442,0.0,0
110,6.03629,2.02214,1.0,1
111,6.03629,2.02214,1.0,1
106,6.03800,1.95996,1.0,2
107,6.03800,1.95996,1.0,2
108,6.03800,1.95996,1.0,2
121,6.04132,1.69782,0.0,0
105,6.04645,1.95170,1.0,2
106,6.04645,1.95170,1.0,2
107,6.04645,1.95170,1.0,2
125,6.04689,0.33265,0.0,0
118,6.04940,1.60022,0.0,0
117,6.04962,1.58690,1.0,1
118,6.04962,1.58690,1.0,1
118,6.05196,1.49889,1.0,1
119,6.05196,1.49889,1.0,1
118,6.06139,1.58756,1.0,1
119,6.06139,1.58756,1.0,1
157,6.06271,2.29193,0.0,0
113,6.06327,2.06285,1.0,5
114,6.06327,2.06285,1.0,5
115,6.06327,2.06285,1.0,5
116,6.06327,2.06285,1.0,5
117,6.06327,2.06285,1.0,5
118,6.06327,2.06285,1.0,5
150,6.06641,2.21186,0.0,0
105,6.07404,1.99058,0.0,0
139,6.08043,2.18522,0.0,0
121,6.08575,1.61436,0.0,0
120,6.09125,1.57973,0.0,0
121,6.09351,1.55522,0.0,0
159,6.10143,2.28058,0.0,0
120,6.10427,2.12103,1.0,1
121,6.10427,2.12103,1.0,1
126,6.10985,2.10946,0.0,0
120,6.11963,2.09250,0.0,0
118,6.12181,-0.04819,0.0,0
157,6.13634,2.24704,0.0,0
108,6.14711,2.01413,1.0,9
109,6.14711,2.01413,1.0,9
110,6.14711,2.01413,1.0,9
111,6.14711,2.01413,1.0,9
112,6.14711,2.01413,1.0,9
113,6.14711,2.01413,1.0,9
114,6.14711,2.01413,1.0,9
115,6.14711,2.01413,1.0,9
116,6.14711,2.01413,1.0,9
117,6.14711,2.01413,1.0,9
179,6.16166,1.96673,0.0,0
108,6.16675,2.01173,1.0,7
109,6.16675,2.01173,1.0,7
110,6.16675,2.01173,1.0,7
111,6.16675,2.01173,1.0,7
112,6.16675,2.01173,1.0,7
113,6.16675,2.01173,1.0,7
114,6.16675,2.01173,1.0,7
115,6.16675,2.01173,1.0,7
122,6.16803,0.18055,0.0,0
157,6.19014,2.22265,0.0,0
120,6.21477,2.07109,1.0,2
121,6.21477,2.07109,1.0,2
122,6.21477,2.07109,1.0,2
156,6.22488,2.21742,0.0,0
121,6.27323,2.03315,1.0,1
122,6.27323,2.03315,1.0,1
124,6.30969,2.00105,0.0,0
163,6.31365,2.20348,0.0,0
131,6.34481,2.01917,0.0,0
181,6.35654,1.90331,0.0,0
135,6.35818,1.86808,0.0,0
133,6.36360,1.90820,0.0,0
163,6.37958,2.18176,0.0,0
158,6.37990,2.06509,0.0,0
127,6.38257,2.02398,0.0,0
165,6.40486,2.19364,0.0,0
136,6.41278,1.82431,0.0,0
169,6.41606,2.11269,0.0,0
129,6.45159,1.85146,0.0,0
135,6.46327,1.76845,0.0,0
169,6.46331,2.04506,0.0,0
153,6.48429,1.89838,0.0,0
179,6.52056,1.83469,0.0,0
180,6.53503,1.81097,0.0,0
135,6.56110,1.72387,0.0,0
134,6.57041,1.70010,0.0,0
134,6.58192,1.70408,1.0,1
135,6.58192,1.70408,1.0,1
137,6.61848,1.69828,0.0,0
137,6.62849,1.70388,0.0,0
141,6.62920,1.64932,0.0,0
146,6.66674,1.80528,0.0,0
164,6.67545,1.88547,0.0,0
140,6.68357,1.61496,0.0,0
144,6.69823,1.59612,0.0,0
165,6.72614,1.88432,0.0,0
164,6.73024,1.82955,0.0,0
142,6.76127,1.37666,0.0,0
142,6.77016,1.43993,0.0,0
146,6.78678,1.77630,0.0,0
167,6.79861,1.82413,0.0,0
151,6.81990,1.70295,0.0,0
166,6.84298,1.82247,0.0,0
195,6.88510,1.62002,0.0,0
188,6.93684,1.66916,0.0,0
147,6.94746,1.71836,0.0,0
166,6.96664,1.78707,0.0,0
192,6.96918,1.61289,0.0,0
156,6.99353,1.70938,0.0,0
149,7.00126,1.72116,0.0,0
187,7.02171,1.65490,0.0,0
166,7.02978,1.80398,0.0,0
170,7.08333,1.79923,0.0,0
194,7.08898,1.61448,0.0,0
148,7.09321,1.74661,0.0,0
148,7.10510,1.73210,0.0,0
180,7.18780,1.72433,0.0,0
148,7.20648,1.76999,0.0,0
150,7.27006,1.79129,0.0,0
183,7.28637,1.70197,0.0,0
199,7.28672,1.59290,0.0,0
202,7.33650,1.52164,0.0,0
162,7.35940,1.79365,0.0,0
186,7.37685,1.64082,0.0,0
199,7.37800,1.63400,0.0,0
202,7.38665,1.60385,0.0,0
202,7.39265,1.60443,0.0,0
184,7.43051,1.72623,0.0,0
186,7.43755,1.70853,0.0,0
182,7.44491,1.82334,0.0,0
168,7.44713,1.96169,0.0,0
213,7.45294,2.08318,0.0,0
202,7.45412,2.10573,0.0,0
219,7.47180,2.34149,0.0,0
203,7.47923,2.18961,0.0,0
203,7.48612,2.21070,0.0,0
187,7.50527,1.78872,0.0,0
183,7.51349,1.82964,0.0,0
186,7.51784,1.82367,0.0,0
196,7.52748,2.19190,0.0,0
202,7.55157,2.34318,0.0,0
219,7.55272,2.38955,0.0,0
190,7.56053,1.76826,0.0,0
211,7.56583,2.14239,0.0,0
168,7.57312,2.06573,0.0,0
170,7.57931,2.09850,0.0,0
202,7.59701,2.37430,0.0,0
222,7.60444,2.50357,0.0,0
171,7.61312,2.10780,0.0,0
188,7.61835,2.18134,0.0,0
196,7.61935,2.36435,0.0,0
220,7.62042,2.51707,0.0,0
198,7.62184,2.30543,0.0,0
222,7.63015,2.51396,0.0,0
222,7.63064,2.52992,0.0,0
172,7.64014,2.14758,0.0,0
180,7.64675,2.00876,0.0,0
181,7.65242,2.02797,0.0,0
188,7.65686,2.24887,0.0,0
183,7.66365,2.01261,0.0,0
170,7.67797,2.13058,0.0,0
181,7.68136,2.04461,0.0,0
198,7.70781,2.44714,0.0,0
219,7.72575,2.51573,0.0,0
185,7.73332,2.32756,0.0,0
172,7.74259,2.15532,0.0,0
157,7.74578,2.02673,0.0,0
214,7.75294,2.53709,0.0,0
193,7.77043,2.41125,0.0,0
190,7.77582,2.42444,0.0,0
223,7.78728,2.56855,0.0,0
202,7.79079,2.52462,0.0,0
183,7.79614,2.40608,0.0,0
194,7.80819,2.46880,0.0,0
160,7.81459,1.87949,0.0,0
180,7.83001,2.36561,0.0,0
192,7.83099,2.48334,0.0,0
212,7.83441,2.54268,0.0,0
185,7.83495,2.42239,1.0,1
186,7.83495,2.42239,1.0,1
169,7.83844,2.09587,0.0,0
185,7.84597,2.42844,0.0,0
165,7.84606,2.11170,0.0,0
198,7.84644,2.54789,0.0,0
198,7.84910,2.53887,0.0,0
164,7.86727,2.08395,0.0,0
198,7.87249,2.56279,0.0,0
177,7.87372,2.30843,0.0,0
165,7.87419,2.11740,0.0,0
160,7.88028,1.85654,1.0,1
161,7.88028,1.85654,1.0,1
175,7.88571,2.33567,0.0,0
190,7.90338,2.50914,0.0,0
202,7.91360,2.56917,0.0,0
209,7.91717,2.61536,0.0,0
168,7.92092,2.16600,0.0,0
180,7.92495,2.44524,0.0,0
162,7.92908,2.09440,0.0,0
166,7.93009,2.16354,0.0,0
167,7.95446,2.19271,0.0,0
183,7.98602,2.51430,0.0,0
185,7.99642,2.50125,1.0,1
186,7.99642,2.50125,1.0,1
197,8.00642,2.57619,0.0,0
168,8.00718,2.23074,0.0,0
215,8.03134,2.65628,0.0,0
213,8.03474,2.71431,0.0,0
208,8.03682,2.67838,0.0,0
167,8.03841,2.25973,0.0,0
230,8.04145,2.76790,0.0,0
186,8.05894,2.51811,0.0,0
214,8.06913,2.68219,0.0,0
208,8.08596,2.67710,0.0,0
227,8.08708,2.74879,0.0,0
186,8.08782,2.52308,0.0,0
231,8.09103,2.76482,0.0,0
191,8.09304,2.55947,0.0,0
180,8.10085,2.49686,0.0,0
230,8.10646,2.77352,0.0,0
172,8.12169,2.19578,0.0,0
167,8.12183,2.33024,0.0,0
184,8.16330,2.56454,0.0,0
178,8.17125,2.47581,0.0,0
181,8.17156,2.55975,0.0,0
190,8.18648,2.59210,0.0,0
233,8.19899,2.85062,0.0,0
212,8.21330,2.77153,0.0,0
196,8.22816,2.57362,0.0,0
183,8.23776,2.58153,0.0,0
183,8.25134,2.57846,0.0,0
182,8.25679,2.59355,0.0,0
213,8.25861,2.75564,0.0,0
212,8.30836,2.71088,0.0,0
209,8.31492,2.68187,0.0,0
184,8.31679,2.56825,0.0,0
171,8.33553,2.22563,0.0,0
183,8.36425,2.56381,0.0,0
173,8.37648,2.32558,0.0,0
176,8.38611,2.39176,0.0,0
207,8.40620,2.69119,0.0,0
191,8.40740,2.55175,0.0,0
186,8.40968,2.59584,0.0,0
226,8.43837,2.72039,0.0,0
178,8.45396,2.50815,1.0,1
179,8.45396,2.50815,1.0,1
239,8.46923,2.96339,0.0,0
236,8.47046,2.87218,1.0,1
237,8.47046,2.87218,1.0,1
237,8.47849,2.84211,0.0,0
207,8.48054,2.69179,0.0,0
236,8.48760,2.86318,1.0,1
237,8.48760,2.86318,1.0,1
240,8.49875,2.93218,0.0,0
180,8.50865,2.52386,1.0,1
181,8.50865,2.52386,1.0,1
207,8.51019,2.69308,0.0,0
236,8.55413,2.83021,1.0,1
237,8.55413,2.83021,1.0,1
236,8.55856,2.82556,1.0,1
237,8.55856,2.82556,1.0,1
178,8.56076,2.51019,1.0,1
179,8.56076,2.51019,1.0,1
186,8.56960,2.55929,0.0,0
179,8.58294,2.49390,0.0,0
221,8.59551,2.67763,0.0,0
206,8.59658,2.65203,0.0,0
205,8.64136,2.63585,0.0,0
229,8.66192,2.67913,0.0,0
227,8.68468,2.65224,0.0,0
237,8.69135,2.76805,0.0,0
200,8.70020,2.55895,0.0,0
185,8.70658,2.48174,1.0,1
186,8.70658,2.48174,1.0,1
207,8.75215,2.57164,0.0,0
185,8.76240,2.46570,0.0,0
244,8.76738,2.63092,0.0,0
218,8.78121,2.41201,0.0,0
217,8.79148,2.40708,0.0,0
196,8.79150,2.60335,0.0,0
191,8.79446,2.52020,0.0,0
218,8.79964,2.41493,0.0,0
199,8.80386,2.55318,0.0,0
194,8.83245,2.49364,0.0,0
189,8.84069,2.47828,0.0,0
203,8.85169,2.46615,0.0,0
192,8.86471,2.49500,0.0,0
215,8.87439,2.35733,0.0,0
206,8.87724,2.43733,0.0,0
192,8.88311,2.50356,0.0,0
190,8.89686,2.48955,0.0,0
211,8.89940,2.38643,0.0,0
196,8.92673,2.57239,0.0,0
191,9.00835,2.49938,0.0,0
232,9.03716,2.37055,0.0,0
225,9.03974,2.29436,0.0,0
205,9.04159,2.28916,0.0,0
202,9.04743,2.37387,0.0,0
205,9.08153,2.27463,0.0,0
195,9.09153,2.44153,1.0,1
196,9.09153,2.44153,1.0,1
194,9.09465,2.45608,1.0,2
195,9.09465,2.45608,1.0,2
196,9.09465,2.45608,1.0,2
195,9.11771,2.44026,1.0,1
196,9.11771,2.44026,1.0,1
229,9.13913,2.27793,0.0,0
195,9.14455,2.41721,1.0,1
196,9.14455,2.41721,1.0,1
249,9.14981,2.36478,0.0,0
196,9.15589,2.39009,0.0,0
203,9.20839,2.23353,0.0,0
239,9.21573,2.32832,0.0,0
206,9.23990,2.23179,0.0,0
202,9.25232,2.26846,1.0,1
203,9.25232,2.26846,1.0,1
207,9.27868,2.20335,1.0,1
208,9.27868,2.20335,1.0,1
253,9.32935,2.17106,0.0,0
254,9.34616,2.17955,0.0,0
249,9.36748,2.18623,0.0,0
246,9.43248,2.18340,0.0,0
206,9.49985,2.27615,1.0,1
207,9.49985,2.27615,1.0,1
208,9.50657,2.29615,0.0,0
228,9.52760,2.35282,0.0,0
215,9.55472,2.20824,0.0,0
213,9.59971,2.20580,0.0,0
219,9.62960,2.21604,0.0,0
225,9.63220,2.36519,0.0,0
228,9.63718,2.37529,0.0,0
214,9.67634,2.16768,0.0,0
227,9.68289,2.35474,0.0,0
267,9.69042,2.48527,0.0,0
217,9.69161,2.24947,0.0,0
273,9.70156,2.73149,0.0,0
246,9.70305,2.46752,0.0,0
231,9.72030,2.42005,0.0,0
224,9.72298,2.33201,0.0,0
243,9.73471,2.43770,0.0,0
251,9.73690,2.48212,0.0,0
268,9.75323,2.56873,0.0,0
244,9.77153,2.52257,0.0,0
234,9.78072,2.42362,0.0,0
277,9.78373,3.01800,0.0,0
247,9.78542,2.54484,0.0,0
276,9.78942,3.00184,1.0,1
277,9.78942,3.00184,1.0,1
222,9.80812,2.30912,0.0,0
221,9.81546,2.29380,0.0,0
216,9.81944,2.23506,0.0,0
280,9.82489,2.83964,0.0,0
248,9.84631,2.61091,0.0,0
244,9.84726,2.56208,1.0,1
245,9.84726,2.56208,1.0,1
266,9.85345,2.69717,0.0,0
234,9.85813,2.48151,0.0,0
214,9.86594,2.11998,0.0,0
277,9.87589,2.96624,1.0,1
278,9.87589,2.96624,1.0,1
274,9.90076,2.82780,0.0,0
265,9.90402,2.73416,0.0,0
271,9.92477,2.69658,0.0,0
219,9.93541,2.21663,0.0,0
243,9.93912,2.60325,1.0,1
244,9.93912,2.60325,1.0,1
243,9.93949,2.60365,0.0,0
265,9.94101,2.76772,0.0,0
273,9.97026,2.79752,0.0,0
238,9.97099,2.53525,0.0,0
230,9.97382,2.43326,0.0,0
277,9.98204,2.90131,0.0,0
278,9.98399,2.93380,0.0,0
240,9.98693,2.51998,0.0,0
221,9.99257,2.25886,1.0,1
222,9.99257,2.25886,1.0,1
277,9.99422,2.90654,1.0,1
278,9.99422,2.90654,1.0,1
282,10.00300,2.83684,0.0,0
267,10.01440,2.79267,0.0,0
228,10.01450,2.28013,0.0,0
227,10.01580,2.31296,0.0,0
276,10.02000,2.90847,1.0,1
277,10.02000,2.90847,1.0,1
225,10.02170,2.31827,0.0,0
283,10.02620,2.87446,0.0,0
221,10.03490,2.23200,1.0,1
222,10.03490,2.23200,1.0,1
257,10.04310,2.68814,0.0,0
221,10.05240,2.21778,0.0,0
262,10.07020,2.77467,0.0,0
256,10.07130,2.65865,0.0,0
283,10.07460,2.84338,0.0,0
263,10.09460,2.76681,0.0,0
222,10.09860,2.14158,0.0,0
253,10.10250,2.63385,1.0,1
254,10.10250,2.63385,1.0,1
236,10.10860,2.53692,0.0,0
219,10.12410,2.18031,0.0,0
274,10.13340,2.81114,0.0,0
277,10.14060,2.83741,1.0,1
278,10.14060,2.83741,1.0,1
264,10.15190,2.79614,0.0,0
276,10.15240,2.84393,1.0,2
277,10.15240,2.84393,1.0,2
278,10.15240,2.84393,1.0,2
270,10.15290,2.78217,0.0,0
238,10.15650,2.56389,0.0,0
242,10.15730,2.59799,1.0,1
243,10.15730,2.59799,1.0,1
262,10.15800,2.74376,0.0,0
236,10.16910,2.53279,0.0,0
223,10.17080,2.06089,0.0,0
248,10.17500,2.49938,0.0,0
240,10.18400,2.54957,0.0,0
264,10.19300,2.76855,0.0,0
280,10.20240,2.66068,0.0,0
259,10.20830,2.72706,0.0,0
233,10.21600,2.37510,1.0,1
234,10.21600,2.37510,1.0,1
256,10.23970,2.63694,0.0,0
276,10.24490,2.82014,0.0,0
266,10.24790,2.72359,0.0,0
228,10.25900,2.22217,0.0,0
276,10.28990,2.75985,1.0,1
277,10.28990,2.75985,1.0,1
243,10.29020,2.58679,1.0,1
244,10.29020,2.58679,1.0,1
247,10.30380,2.43612,0.0,0
258,10.31100,2.65853,0.0,0
260,10.32060,2.66809,0.0,0
257,10.32320,2.62330,0.0,0
225,10.32490,2.12854,0.0,0
234,10.32590,2.32863,0.0,0
258,10.32690,2.66243,0.0,0
268,10.35430,2.58878,0.0,0
255,10.35490,2.51627,0.0,0
274,10.37280,2.69563,0.0,0
237,10.37610,2.47796,1.0,1
238,10.37610,2.47796,1.0,1
233,10.38110,2.33201,0.0,0
237,10.39520,2.48752,0.0,0
230,10.39810,2.20525,0.0,0
260,10.43780,2.58831,0.0,0
233,10.45210,2.31952,0.0,0
242,10.45490,2.49756,0.0,0
275,10.50760,2.54467,0.0,0
229,10.52250,2.25452,0.0,0
236,10.52920,2.38032,0.0,0
233,10.53970,2.32370,1.0,1
234,10.53970,2.32370,1.0,1
233,10.56250,2.30568,1.0,1
234,10.56250,2.30568,1.0,1
241,10.57490,2.44692,0.0,0
234,10.60220,2.29860,0.0,0
262,10.61820,2.31629,0.0,0
286,10.66060,2.45833,0.0,0
294,10.68370,2.21791,0.0,0
296,10.70500,2.21114,0.0,0
251,10.72960,2.44326,0.0,0
242,10.75580,2.28992,1.0,1
243,10.75580,2.28992,1.0,1
256,10.75690,2.37551,0.0,0
235,10.76720,2.27101,0.0,0
244,10.77500,2.25117,0.0,0
241,10.79510,2.26154,1.0,2
242,10.79510,2.26154,1.0,2
243,10.79510,2.26154,1.0,2
242,10.80780,2.22941,0.0,0
253,10.81710,2.39795,0.0,0
236,10.83700,2.21261,0.0,0
307,10.85450,1.97376,0.0,0
247,10.86370,2.31557,0.0,0
271,10.86400,2.23501,0.0,0
274,10.87880,2.17757,0.0,0
294,10.88500,2.11012,0.0,0
258,10.89080,2.36717,0.0,0
242,10.89520,2.21782,1.0,1
243,10.89520,2.21782,1.0,1
248,10.90290,2.28976,0.0,0
257,10.91030,2.38020,0.0,0
241,10.92500,2.18732,1.0,1
242,10.92500,2.18732,1.0,1
293,10.93560,2.11175,0.0,0
249,10.93830,2.26842,0.0,0
244,10.97520,2.15550,0.0,0
296,10.97700,2.10402,0.0,0
243,11.01910,2.14769,0.0,0
295,11.03030,2.11894,0.0,0
292,11.03420,2.11098,1.0,1
293,11.03420,2.11098,1.0,1
247,11.04080,2.20485,0.0,0
259,11.04630,2.36603,0.0,0
262,11.07330,2.31356,0.0,0
291,11.07400,2.08738,0.0,0
247,11.08430,2.18898,0.0,0
291,11.08670,2.07680,0.0,0
250,11.09040,2.23996,0.0,0
290,11.10720,2.07552,1.0,1
291,11.10720,2.07552,1.0,1
262,11.10790,2.30063,0.0,0
312,11.11880,1.81176,0.0,0
273,11.12760,2.18936,1.0,1
274,11.12760,2.18936,1.0,1
261,11.13340,2.32626,1.0,1
262,11.13340,2.32626,1.0,1
261,11.13940,2.32824,0.0,0
294,11.14050,2.09780,0.0,0
273,11.14230,2.17506,1.0,1
274,11.14230,2.17506,1.0,1
253,11.14660,2.44066,0.0,0
264,11.15230,2.32637,0.0,0
281,11.17690,2.10829,0.0,0
263,11.17780,2.34263,0.0,0
261,11.18560,2.33945,1.0,1
262,11.18560,2.33945,1.0,1
267,11.19640,2.29678,0.0,0
314,11.19740,1.78325,0.0,0
267,11.20460,2.29724,0.0,0
256,11.22170,2.46913,0.0,0
283,11.22770,2.06759,0.0,0
312,11.23030,1.83121,0.0,0
316,11.25440,1.84368,0.0,0
281,11.25570,2.12698,0.0,0
270,11.25620,2.24128,0.0,0
278,11.25650,2.19199,0.0,0
292,11.25920,2.07826,1.0,1
293,11.25920,2.07826,1.0,1
292,11.26750,2.07752,1.0,1
293,11.26750,2.07752,1.0,1
266,11.26940,2.33233,0.0,0
309,11.27030,1.95214,0.0,0
255,11.28320,2.47932,0.0,0
253,11.28590,2.45018,0.0,0
288,11.28830,2.12734,0.0,0
265,11.29060,2.34675,0.0,0
264,11.29840,2.34533,0.0,0
272,11.30010,2.27634,0.0,0
311,11.31500,1.91130,0.0,0
280,11.32200,2.15200,0.0,0
279,11.34090,2.18033,0.0,0
260,11.34390,2.39520,0.0,0
273,11.37140,2.31195,1.0,1
274,11.37140,2.31195,1.0,1
310,11.37680,1.94686,0.0,0
262,11.37710,2.39444,0.0,0
314,11.39730,1.92804,0.0,0
292,11.40170,2.10013,1.0,1
293,11.40170,2.10013,1.0,1
301,11.40950,2.11435,0.0,0
313,11.41770,1.91809,0.0,0
270,11.42390,2.42794,0.0,0
277,11.44120,2.29576,0.0,0
277,11.44300,2.29827,0.0,0
256,11.44330,2.46591,1.0,1
257,11.44330,2.46591,1.0,1
307,11.44460,2.01450,0.0,0
273,11.44630,2.33344,1.0,1
274,11.44630,2.33344,1.0,1
268,11.45580,2.44056,0.0,0
261,11.45980,2.42124,0.0,0
273,11.46240,2.34038,1.0,1
274,11.46240,2.34038,1.0,1
253,11.46460,2.51501,1.0,1
254,11.46460,2.51501,1.0,1
272,11.46680,2.35517,1.0,2
273,11.46680,2.35517,1.0,2
274,11.46680,2.35517,1.0,2
282,11.47350,2.23304,0.0,0
259,11.48620,2.47011,0.0,0
254,11.49020,2.52834,0.0,0
289,11.50400,2.22009,0.0,0
279,11.50650,2.31437,0.0,0
281,11.50920,2.29577,0.0,0
261,11.52030,2.43700,0.0,0
259,11.52140,2.46473,0.0,0
313,11.52280,1.98672,0.0,0
272,11.52840,2.37616,1.0,1
273,11.52840,2.37616,1.0,1
303,11.53010,2.10092,0.0,0
312,11.53420,1.99530,0.0,0
256,11.53460,2.48989,1.0,1
257,11.53460,2.48989,1.0,1
275,11.53790,2.38213,0.0,0
288,11.54680,2.25735,1.0,1
289,11.54680,2.25735,1.0,1
254,11.56630,2.54500,0.0,0
349,11.57070,3.10655,0.0,0
296,11.57950,2.17829,0.0,0
305,11.58450,2.07456,0.0,0
349,11.58800,3.13443,0.0,0
354,11.59190,3.29132,0.0,0
289,11.59370,2.27585,1.0,1
290,11.59370,2.27585,1.0,1
255,11.59430,2.50988,1.0,1
256,11.59430,2.50988,1.0,1
354,11.59590,3.32213,0.0,0
280,11.59680,2.36566,0.0,0
289,11.60530,2.28518,1.0,2
290,11.60530,2.28518,1.0,2
291,11.60530,2.28518,1.0,2
289,11.60970,2.29744,1.0,2
290,11.60970,2.29744,1.0,2
291,11.60970,2.29744,1.0,2
282,11.61790,2.38633,0.0,0
349,11.61920,3.28585,0.0,0
280,11.64000,2.39499,0.0,0
280,11.64200,2.38353,0.0,0
348,11.64210,3.29376,0.0,0
261,11.64600,2.51140,0.0,0
290,11.66190,2.33259,1.0,2
291,11.66190,2.33259,1.0,2
292,11.66190,2.33259,1.0,2
295,11.66200,2.25018,0.0,0
349,11.66410,3.36014,0.0,0
318,11.67840,1.99713,0.0,0
317,11.67860,2.02976,0.0,0
324,11.68110,2.01024,0.0,0
348,11.68490,3.37279,1.0,1
349,11.68490,3.37279,1.0,1
265,11.69320,2.46935,0.0,0
352,11.70750,3.33638,0.0,0
294,11.71030,2.26231,0.0,0
305,11.72130,2.09887,0.0,0
289,11.73120,2.36092,1.0,2
290,11.73120,2.36092,1.0,2
291,11.73120,2.36092,1.0,2
321,11.74080,2.00119,0.0,0
349,11.74170,3.50595,0.0,0
296,11.74310,2.28466,0.0,0
351,11.75790,3.42032,0.0,0
277,11.76200,2.54969,0.0,0
322,11.76850,2.73832,0.0,0
299,11.76890,2.21235,0.0,0
271,11.77180,2.63628,0.0,0
280,11.77710,2.51828,0.0,0
265,11.78730,2.50998,0.0,0
320,11.78940,2.36147,0.0,0
321,11.79060,2.33523,0.0,0
280,11.79240,2.57292,0.0,0
305,11.79730,2.20120,0.0,0
321,11.80250,2.85254,0.0,0
323,11.80970,2.77636,0.0,0
291,11.81240,2.41056,1.0,1
292,11.81240,2.41056,1.0,1
348,11.81460,3.56867,0.0,0
362,11.81620,3.81759,0.0,0
324,11.81650,2.68847,0.0,0
271,11.81800,2.65574,1.0,1
272,11.81800,2.65574,1.0,1
274,11.81870,2.63728,1.0,1
275,11.81870,2.63728,1.0,1
264,11.82290,2.49780,0.0,0
273,11.82340,2.62996,1.0,1
274,11.82340,2.62996,1.0,1
327,11.83240,2.55605,0.0,0
279,11.83630,2.68243,0.0,0
327,11.83650,2.57746,0.0,0
321,11.83960,2.92983,1.0,1
322,11.83960,2.92983,1.0,1
267,11.84080,2.45570,0.0,0
317,11.84150,2.39684,0.0,0
298,11.86810,2.31275,0.0,0
272,11.88550,2.74566,1.0,1
273,11.88550,2.74566,1.0,1
328,11.89730,3.00151,0.0,0
346,11.89770,3.59816,0.0,0
275,11.89960,2.74665,0.0,0
327,11.90160,2.96341,0.0,0
339,11.90380,3.25809,0.0,0
270,11.90400,2.80885,1.0,1
271,11.90400,2.80885,1.0,1
268,11.90730,2.42723,0.0,0
305,11.90760,2.30584,0.0,0
271,11.91230,2.80237,1.0,1
272,11.91230,2.80237,1.0,1
344,11.92290,3.39260,0.0,0
273,11.92530,2.80592,1.0,1
274,11.92530,2.80592,1.0,1
337,11.92820,3.66914,0.0,0
276,11.92960,2.75086,0.0,0
278,11.93330,2.77106,0.0,0
332,11.93390,3.31935,0.0,0
335,11.93480,3.42256,0.0,0
270,11.93590,2.86503,1.0,1
271,11.93590,2.86503,1.0,1
344,11.93870,3.67895,0.0,0
311,11.93980,2.93704,0.0,0
325,11.94040,3.21722,0.0,0
335,11.94250,3.46841,0.0,0
335,11.94340,3.05557,0.0,0
337,11.94700,3.65273,0.0,0
298,11.94910,2.50534,0.0,0
289,11.95210,2.59226,1.0,1
290,11.95210,2.59226,1.0,1
338,11.95400,3.69327,0.0,0
288,11.95500,2.59858,0.0,0
310,11.95970,2.67748,0.0,0
300,11.96540,2.55047,0.0,0
308,11.96780,2.68405,0.0,0
337,11.96970,3.70331,1.0,1
338,11.96970,3.70331,1.0,1
330,11.97010,3.39184,0.0,0
286,11.97460,2.77354,0.0,0
308,11.97590,2.35624,0.0,0
304,11.97880,2.72874,0.0,0
309,11.98090,3.14419,0.0,0
336,11.98270,3.72202,1.0,1
337,11.98270,3.72202,1.0,1
336,11.99570,3.35772,1.0,1
337,11.99570,3.35772,1.0,1
289,11.99880,2.66356,1.0,2
290,11.99880,2.66356,1.0,2
291,11.99880,2.66356,1.0,2
365,12.00040,3.94679,0.0,0
333,12.00190,3.56837,0.0,0
339,12.00560,3.84309,0.0,0
329,12.00970,3.12107,0.0,0
372,12.01340,4.06990,0.0,0
310,12.01410,3.15136,0.0,0
294,12.01630,2.51673,0.0,0
327,12.02670,3.41864,0.0,0
330,12.02910,3.54628,0.0,0
372,12.02990,4.08037,0.0,0
344,12.04460,3.14487,0.0,0
289,12.05230,2.68404,1.0,2
290,12.05230,2.68404,1.0,2
291,12.05230,2.68404,1.0,2
335,12.05230,3.82939,1.0,1
336,12.05230,3.82939,1.0,1
295,12.05260,2.64388,0.0,0
366,12.05280,3.98347,0.0,0
309,12.05950,3.24696,0.0,0
288,12.06010,2.94334,0.0,0
336,12.06320,2.54729,0.0,0
335,12.06820,2.57374,0.0,0
337,12.07280,2.48393,0.0,0
292,12.07480,2.73312,0.0,0
349,12.07810,3.80153,0.0,0
290,12.08140,2.73896,1.0,2
291,12.08140,2.73896,1.0,2
292,12.08140,2.73896,1.0,2
337,12.08420,2.52021,0.0,0
321,12.08430,3.47391,0.0,0
325,12.08560,3.47340,0.0,0
328,12.08760,3.55647,0.0,0
358,12.08840,4.01066,0.0,0
293,12.10040,3.03679,0.0,0
321,12.10160,3.46256,0.0,0
331,12.10840,3.62349,0.0,0
345,12.11060,3.87140,0.0,0
304,12.11100,3.24026,0.0,0
370,12.11450,4.14991,0.0,0
348,12.11530,3.82655,1.0,1
349,12.11530,3.82655,1.0,1
335,12.11690,3.93763,0.0,0
326,12.12680,3.61305,0.0,0
326,12.12970,3.56739,0.0,0
360,12.13640,4.01726,0.0,0
300,12.13720,3.24713,1.0,1
301,12.13720,3.24713,1.0,1
359,12.13850,4.04737,0.0,0
305,12.14260,3.39319,0.0,0
304,12.14400,3.33951,0.0,0
304,12.14450,3.37906,0.0,0
341,12.14550,2.66147,0.0,0
337,12.14710,3.96586,1.0,1
338,12.14710,3.96586,1.0,1
349,12.15070,3.84336,0.0,0
325,12.15470,3.64786,0.0,0
332,12.15750,3.80854,0.0,0
297,12.16150,3.23878,0.0,0
300,12.16310,3.31485,0.0,0
323,12.16530,3.64265,0.0,0
334,12.16730,4.00363,1.0,1
335,12.16730,4.00363,1.0,1
355,12.17160,4.07172,0.0,0
362,12.17330,4.15208,0.0,0
320,12.17460,3.61896,0.0,0
334,12.17740,3.99279,1.0,1
335,12.17740,3.99279,1.0,1
372,12.17840,4.20426,0.0,0
290,12.18030,3.10518,1.0,2
291,12.18030,3.10518,1.0,2
292,12.18030,3.10518,1.0,2
344,12.18070,3.94162,0.0,0
355,12.18460,4.09753,0.0,0
299,12.18500,3.20570,0.0,0
298,12.19440,3.33789,0.0,0
287,12.19600,3.06344,1.0,1
288,12.19600,3.06344,1.0,1
297,12.19940,3.43854,0.0,0
281,12.20020,3.03224,0.0,0
291,12.20250,3.13885,1.0,3
292,12.20250,3.13885,1.0,3
293,12.20250,3.13885,1.0,3
294,12.20250,3.13885,1.0,3
281,12.20730,3.00874,1.0,1
282,12.20730,3.00874,1.0,1
293,12.21200,3.14869,1.0,1
294,12.21200,3.14869,1.0,1
336,12.21210,4.03912,0.0,0
320,12.21380,3.70766,0.0,0
290,12.21940,3.18473,1.0,2
291,12.21940,3.18473,1.0,2
292,12.21940,3.18473,1.0,2
337,12.21990,4.06057,1.0,1
338,12.21990,4.06057,1.0,1
346,12.22270,3.99823,0.0,0
309,12.22600,3.52559,0.0,0
351,12.22660,3.92536,0.0,0
327,12.22890,3.81897,0.0,0
298,12.23480,3.61576,0.0,0
321,12.23730,3.72786,0.0,0
283,12.23800,2.98055,0.0,0
287,12.24200,3.10700,1.0,1
288,12.24200,3.10700,1.0,1
290,12.25570,3.26537,1.0,2
291,12.25570,3.26537,1.0,2
292,12.25570,3.26537,1.0,2
287,12.25650,3.14341,0.0,0
378,12.25790,4.52152,0.0,0
308,12.26100,3.61615,0.0,0
334,12.26190,4.03959,1.0,1
335,12.26190,4.03959,1.0,1
352,12.26210,3.93527,0.0,0
369,12.26510,4.28898,0.0,0
287,12.26550,3.14797,0.0,0
344,12.27070,3.99509,0.0,0
293,12.27310,3.30214,1.0,2
294,12.27310,3.30214,1.0,2
295,12.27310,3.30214,1.0,2
292,12.27780,3.28110,1.0,3
293,12.27780,3.28110,1.0,3
294,12.27780,3.28110,1.0,3
295,12.27780,3.28110,1.0,3
358,12.28020,4.19130,0.0,0
369,12.28050,4.30000,0.0,0
290,12.28270,3.30100,1.0,4
291,12.28270,3.30100,1.0,4
292,12.28270,3.30100,1.0,4
293,12.28270,3.30100,1.0,4
294,12.28270,3.30100,1.0,4
362,12.28750,4.27592,0.0,0
371,12.29110,4.31321,0.0,0
329,12.29450,3.90959,0.0,0
369,12.29470,4.33119,0.0,0
312,12.29820,3.75904,0.0,0
289,12.30300,3.30879,0.0,0
311,12.30820,3.74749,0.0,0
288,12.30840,3.25887,0.0,0
347,12.31270,4.11147,0.0,0
306,12.31750,3.80105,0.0,0
308,12.33300,3.74670,0.0,0
306,12.33450,3.85151,0.0,0
348,12.34210,4.17389,0.0,0
327,12.34310,3.96779,0.0,0
333,12.34700,4.08423,0.0,0
332,12.34900,4.04838,0.0,0
332,12.35010,4.07542,0.0,0
331,12.35500,4.06137,0.0,0
334,12.35840,4.08182,0.0,0
299,12.36010,3.61866,0.0,0
300,12.36320,3.61021,0.0,0
369,12.36400,4.35695,0.0,0
307,12.37080,3.88758,0.0,0
379,12.37430,4.47059,0.0,0
363,12.37500,4.27921,0.0,0
351,12.37530,4.15108,0.0,0
343,12.38110,4.15501,0.0,0
325,12.38540,3.95385,0.0,0
356,12.38680,4.27856,0.0,0
349,12.39210,4.22417,0.0,0
337,12.39780,4.11617,1.0,1
338,12.39780,4.11617,1.0,1
382,12.40800,4.14729,0.0,0
336,12.40930,4.13380,1.0,1
337,12.40930,4.13380,1.0,1
309,12.40960,3.84385,0.0,0
309,12.41420,3.87997,0.0,0
301,12.42180,3.65851,0.0,0
334,12.43090,4.11798,0.0,0
327,12.46010,4.13366,0.0,0
326,12.49120,4.12677,0.0,0
336,12.49600,4.16910,0.0,0
310,12.51030,3.97797,0.0,0
351,12.52570,4.29319,0.0,0
327,12.55270,4.15514,0.0,0
312,12.55910,3.98252,0.0,0
321,12.56180,4.06400,0.0,0
324,12.56220,4.12358,0.0,0
334,12.57090,4.17087,1.0,1
335,12.57090,4.17087,1.0,1
341,12.58220,4.23787,0.0,0
347,12.58230,4.28153,1.0,1
348,12.58230,4.28153,1.0,1
351,12.59160,4.31022,0.0,0
325,12.64120,4.18160,0.0,0
318,12.64440,4.06647,0.0,0
359,12.64990,4.38195,0.0,0
343,12.66020,4.30305,0.0,0
315,12.67340,4.12422,0.0,0
318,12.68210,4.06551,0.0,0
358,12.68310,4.38812,0.0,0
329,12.69970,4.15954,0.0,0
351,12.70470,4.30751,0.0,0
318,12.70790,4.09058,0.0,0
348,12.70860,4.26170,0.0,0
353,12.72200,4.30743,0.0,0
318,12.73950,4.25678,1.0,1
319,12.73950,4.25678,1.0,1
349,12.76630,4.27294,0.0,0
316,12.78330,4.16801,0.0,0
320,12.79390,4.27126,0.0,0
355,12.81310,4.37837,0.0,0
348,12.83600,4.23957,0.0,0
332,12.83660,4.20284,1.0,1
333,12.83660,4.20284,1.0,1
339,12.85370,4.14681,0.0,0
337,12.87910,4.16097,0.0,0
325,12.88700,4.29970,0.0,0
339,12.89360,4.15346,0.0,0
347,12.92360,4.23928,0.0,0
342,12.94740,4.12979,1.0,1
343,12.94740,4.12979,1.0,1
333,12.95450,4.18903,1.0,2
334,12.95450,4.18903,1.0,2
335,12.95450,4.18903,1.0,2
346,12.95890,4.27095,0.0,0
344,12.98940,4.16218,0.0,0
356,13.01280,4.39423,0.0,0
347,13.02880,4.23475,0.0,0
330,13.05750,4.21813,0.0,0
328,13.08450,4.34789,0.0,0
368,13.08870,4.20114,0.0,0
333,13.09080,4.17158,1.0,1
334,13.09080,4.17158,1.0,1
341,13.09190,4.08428,0.0,0
359,13.09860,4.29788,0.0,0
332,13.13320,4.17879,1.0,1
333,13.13320,4.17879,1.0,1
358,13.14150,4.28805,0.0,0
348,13.16950,4.19463,0.0,0
339,13.20930,4.11776,0.0,0
333,13.21180,4.18175,1.0,1
334,13.21180,4.18175,1.0,1
353,13.21820,4.25449,1.0,1
354,13.21820,4.25449,1.0,1
329,13.22080,4.35647,0.0,0
341,13.22490,4.14508,1.0,1
342,13.22490,4.14508,1.0,1
336,13.23210,4.16436,0.0,0
354,13.24080,4.24818,0.0,0
396,13.24870,3.98465,0.0,0
331,13.25100,4.22308,0.0,0
335,13.28750,4.19098,1.0,1
336,13.28750,4.19098,1.0,1
351,13.29520,4.22425,0.0,0
334,13.29820,4.17541,1.0,2
335,13.29820,4.17541,1.0,2
336,13.29820,4.17541,1.0,2
388,13.30580,4.02922,0.0,0
368,13.30650,4.08102,0.0,0
389,13.32300,4.02435,0.0,0
371,13.33590,4.03637,0.0,0
333,13.33690,4.17414,1.0,1
334,13.33690,4.17414,1.0,1
362,13.34020,4.07921,0.0,0
403,13.34850,3.81363,0.0,0
402,13.35670,3.80212,0.0,0
369,13.37240,3.99590,0.0,0
401,13.40730,3.79527,1.0,1
402,13.40730,3.79527,1.0,1
401,13.41080,3.80003,0.0,0
350,13.41120,4.11485,0.0,0
380,13.41130,3.87707,0.0,0
381,13.41390,3.89581,0.0,0
340,13.42030,4.15760,0.0,0
353,13.42210,4.09255,0.0,0
353,13.43260,4.07666,0.0,0
341,13.47250,4.17544,1.0,1
342,13.47250,4.17544,1.0,1
352,13.49480,4.08202,1.0,1
353,13.49480,4.08202,1.0,1
341,13.49500,4.16381,1.0,1
342,13.49500,4.16381,1.0,1
401,13.49580,3.77232,0.0,0
363,13.50840,4.03418,0.0,0
361,13.52040,4.09397,0.0,0
353,13.52670,4.09009,1.0,1
354,13.52670,4.09009,1.0,1
383,13.53240,3.82148,0.0,0
409,13.53620,4.24648,0.0,0
353,13.53780,4.08557,1.0,1
354,13.53780,4.08557,1.0,1
369,13.54240,4.01286,0.0,0
349,13.54420,4.13617,0.0,0
375,13.55480,3.94138,0.0,0
365,13.56730,3.99971,0.0,0
352,13.57300,4.11304,1.0,1
353,13.57300,4.11304,1.0,1
366,13.57510,3.98831,0.0,0
356,13.59450,4.06499,0.0,0
407,13.61130,4.17461,0.0,0
351,13.61300,4.11002,1.0,1
352,13.61300,4.11002,1.0,1
408,13.61820,4.23489,0.0,0
366,13.63030,3.98368,0.0,0
380,13.63430,3.84526,0.0,0
376,13.63470,3.90856,0.0,0
382,13.63580,3.86454,0.0,0
345,13.63700,4.28872,0.0,0
364,13.64040,4.02236,0.0,0
348,13.64290,4.13947,0.0,0
403,13.66350,3.90966,0.0,0
407,13.67540,4.20257,0.0,0
345,13.68200,4.30730,0.0,0
378,13.69050,3.87878,0.0,0
366,13.69840,3.98785,0.0,0
350,13.72610,4.13469,1.0,2
351,13.72610,4.13469,1.0,2
352,13.72610,4.13469,1.0,2
347,13.73180,4.19736,0.0,0
395,13.73280,3.79442,0.0,0
365,13.74490,3.99306,0.0,0
390,13.76050,3.82676,0.0,0
395,13.76070,3.82129,0.0,0
347,13.77250,4.19494,1.0,1
348,13.77250,4.19494,1.0,1
376,13.78310,3.89898,0.0,0
365,13.78660,4.01937,0.0,0
348,13.78670,4.20159,0.0,0
380,13.80960,3.89135,0.0,0
356,13.83590,4.06524,0.0,0
369,13.84470,3.97675,0.0,0
363,13.85730,4.05936,0.0,0
352,13.85740,4.11600,1.0,2
353,13.85740,4.11600,1.0,2
354,13.85740,4.11600,1.0,2
367,13.88240,3.98696,0.0,0
350,13.88940,4.12661,0.0,0
385,13.90120,3.89880,0.0,0
361,13.90590,4.13860,0.0,0
352,13.90700,4.09357,1.0,2
353,13.90700,4.09357,1.0,2
354,13.90700,4.09357,1.0,2
406,13.93300,4.20878,0.0,0
396,13.95240,3.91066,0.0,0
396,13.95380,3.90562,0.0,0
390,13.96130,3.84998,0.0,0
419,14.01630,4.34681,1.0,1
420,14.01630,4.34681,1.0,1
361,14.02040,4.12485,0.0,0
419,14.02270,4.34613,0.0,0
391,14.02960,3.84176,0.0,0
421,14.05160,4.35149,0.0,0
390,14.05780,3.87980,0.0,0
409,14.05950,4.20667,0.0,0
420,14.06910,4.32716,0.0,0
369,14.07790,4.04224,0.0,0
392,14.08510,3.92417,0.0,0
364,14.08520,4.07902,0.0,0
392,14.11000,3.92477,0.0,0
370,14.13500,4.03683,0.0,0
358,14.14600,4.05827,1.0,1
359,14.14600,4.05827,1.0,1
392,14.14950,3.94684,0.0,0
423,14.19860,4.37084,0.0,0
415,14.20320,4.32214,0.0,0
380,14.20770,4.01348,0.0,0
368,14.21580,4.06495,0.0,0
369,14.21740,4.05823,0.0,0
369,14.22140,4.04139,0.0,0
401,14.22140,4.16189,0.0,0
400,14.22400,4.18181,0.0,0
388,14.23680,3.95683,0.0,0
390,14.24300,3.94950,0.0,0
402,14.26800,4.14883,0.0,0
389,14.29900,3.98488,0.0,0
394,14.31060,4.12842,0.0,0
399,14.31920,4.18640,0.0,0
424,14.34350,4.41997,0.0,0
368,14.34450,4.06620,0.0,0
411,14.36030,4.25232,0.0,0
424,14.36720,4.39059,0.0,0
370,14.37370,4.06280,0.0,0
399,14.37690,4.16441,0.0,0
368,14.39560,4.06684,0.0,0
365,14.40160,4.01765,0.0,0
375,14.41790,4.00200,0.0,0
385,14.42720,4.07154,0.0,0
368,14.46880,4.04641,0.0,0
391,14.48590,4.09246,0.0,0
371,14.51760,4.02438,0.0,0
376,14.52460,3.98679,0.0,0
396,14.52460,4.12955,0.0,0
410,14.54870,4.17938,0.0,0
386,14.55570,4.03787,0.0,0
390,14.56780,4.09971,1.0,1
391,14.56780,4.09971,1.0,1
374,14.58280,3.93163,0.0,0
376,14.58680,3.97050,0.0,0
397,14.61630,4.09042,0.0,0
385,14.62040,4.04517,0.0,0
432,14.62880,4.25897,0.0,0
376,14.63030,3.98813,1.0,1
377,14.63030,3.98813,1.0,1
392,14.63330,4.08855,0.0,0
393,14.63450,4.14878,0.0,0
433,14.64740,4.19147,1.0,1
434,14.64740,4.19147,1.0,1
377,14.65850,3.97501,1.0,1
378,14.65850,3.97501,1.0,1
384,14.66570,3.99813,0.0,0
390,14.67290,4.08788,1.0,1
391,14.67290,4.08788,1.0,1
390,14.68120,4.08719,1.0,1
391,14.68120,4.08719,1.0,1
374,14.68940,3.92470,0.0,0
394,14.69050,4.10533,0.0,0
387,14.69540,4.00588,0.0,0
425,14.72280,3.85146,0.0,0
391,14.72410,4.04400,0.0,0
397,14.72670,4.00598,0.0,0
389,14.72880,4.06938,0.0,0
376,14.72950,3.92786,0.0,0
425,14.74640,3.83556,0.0,0
377,14.76040,3.96193,1.0,1
378,14.76040,3.96193,1.0,1
378,14.76340,3.96033,1.0,1
379,14.76340,3.96033,1.0,1
379,14.76610,3.97486,0.0,0
413,14.77530,3.82851,0.0,0
374,14.77540,3.91785,0.0,0
389,14.77790,4.04896,0.0,0
373,14.78150,3.92341,0.0,0
412,14.79390,3.82436,0.0,0
422,14.80320,3.78383,0.0,0
382,14.82440,3.84297,0.0,0
412,14.82470,3.75307,0.0,0
411,14.84020,3.76541,0.0,0
391,14.86310,3.99607,0.0,0
384,14.86960,3.85403,0.0,0
377,14.88510,3.87928,1.0,2
378,14.88510,3.87928,1.0,2
379,14.88510,3.87928,1.0,2
406,14.88670,3.98353,0.0,0
395,14.91840,3.88748,0.0,0
410,14.93700,3.69760,0.0,0
388,14.94880,3.94782,0.0,0
390,14.97040,3.94222,1.0,1
391,14.97040,3.94222,1.0,1
396,14.97610,3.84132,0.0,0
381,14.98000,3.78806,0.0,0
412,15.02730,3.64552,0.0,0
393,15.04350,3.90040,0.0,0
408,15.07500,3.65263,0.0,0
383,15.07790,3.78799,0.0,0
408,15.09060,3.67811,0.0,0
390,15.13630,3.84196,0.0,0
408,15.14000,3.63290,0.0,0
404,15.14510,3.69898,0.0,0
446,15.16630,3.85866,0.0,0
403,15.17240,3.69970,1.0,1
404,15.17240,3.69970,1.0,1
389,15.17410,3.81060,1.0,1
390,15.17410,3.81060,1.0,1
412,15.19910,3.59994,0.0,0
392,15.20720,3.76111,0.0,0
447,15.21080,3.87909,0.0,0
441,15.21820,3.78653,0.0,0
405,15.23280,3.67733,0.0,0
385,15.24930,3.68152,0.0,0
443,15.24980,3.83053,0.0,0
389,15.27500,3.64560,0.0,0
442,15.27760,3.85401,0.0,0
448,15.29160,3.85321,0.0,0
391,15.29590,3.56934,0.0,0
389,15.30600,3.59317,0.0,0
399,15.31670,3.72777,0.0,0
404,15.31890,3.69025,0.0,0
398,15.36820,3.70709,0.0,0
403,15.37650,3.67711,1.0,1
404,15.37650,3.67711,1.0,1
440,15.38900,3.84713,0.0,0
416,15.39130,3.72972,0.0,0
420,15.39840,3.84902,0.0,0
425,15.40050,3.78349,1.0,1
426,15.40050,3.78349,1.0,1
392,15.40080,3.53226,0.0,0
397,15.40810,3.64835,1.0,1
398,15.40810,3.64835,1.0,1
421,15.43600,3.84142,0.0,0
420,15.45660,3.81450,0.0,0
425,15.46510,3.79462,1.0,1
426,15.46510,3.79462,1.0,1
442,15.46560,3.91533,0.0,0
415,15.47850,3.74319,0.0,0
411,15.49530,3.68650,0.0,0
403,15.51020,3.61149,0.0,0
405,15.54290,3.16289,1.0,5
406,15.54290,3.16289,1.0,5
407,15.54290,3.16289,1.0,5
408,15.54290,3.16289,1.0,5
409,15.54290,3.16289,1.0,5
410,15.54290,3.16289,1.0,5
399,15.55070,3.48621,0.0,0
399,15.55370,3.52079,0.0,0
416,15.55840,3.69467,0.0,0
424,15.56530,3.75524,1.0,1
425,15.56530,3.75524,1.0,1
431,15.56640,3.81598,0.0,0
424,15.57280,3.76492,1.0,2
425,15.57280,3.76492,1.0,2
426,15.57280,3.76492,1.0,2
397,15.57290,3.43065,1.0,1
398,15.57290,3.43065,1.0,1
418,15.57370,3.73456,1.0,1
419,15.57370,3.73456,1.0,1
439,15.57760,3.86769,0.0,0
408,15.58840,3.59132,0.0,0
403,15.58970,3.20594,1.0,7
404,15.58970,3.20594,1.0,7
405,15.58970,3.20594,1.0,7
406,15.58970,3.20594,1.0,7
407,15.58970,3.20594,1.0,7
408,15.58970,3.20594,1.0,7
409,15.58970,3.20594,1.0,7
410,15.58970,3.20594,1.0,7
418,15.59140,3.74334,1.0,1
419,15.59140,3.74334,1.0,1
397,15.59350,3.38920,1.0,1
398,15.59350,3.38920,1.0,1
425,15.59780,3.73706,1.0,1
426,15.59780,3.73706,1.0,1
404,15.59980,3.18800,1.0,2
405,15.59980,3.18800,1.0,2
406,15.59980,3.18800,1.0,2
398,15.60560,3.34144,0.0,0
450,15.60880,3.76454,0.0,0
410,15.63470,3.58182,0.0,0
416,15.64290,3.31606,0.0,0
418,15.64870,3.62024,1.0,1
419,15.64870,3.62024,1.0,1
403,15.64890,3.31311,0.0,0
401,15.66160,3.40878,0.0,0
435,15.66290,3.85094,0.0,0
409,15.66490,3.55352,1.0,1
410,15.66490,3.55352,1.0,1
406,15.66590,3.41109,1.0,1
407,15.66590,3.41109,1.0,1
401,15.67540,3.37847,0.0,0
424,15.68370,3.69743,1.0,1
425,15.68370,3.69743,1.0,1
408,15.68810,3.54115,1.0,2
409,15.68810,3.54115,1.0,2
410,15.68810,3.54115,1.0,2
410,15.68920,3.56894,0.0,0
418,15.69160,3.17133,1.0,2
419,15.69160,3.17133,1.0,2
420,15.69160,3.17133,1.0,2
429,15.69970,3.80138,0.0,0
405,15.71300,3.32743,1.0,4
406,15.71300,3.32743,1.0,4
407,15.71300,3.32743,1.0,4
408,15.71300,3.32743,1.0,4
409,15.71300,3.32743,1.0,4
439,15.71790,3.85295,0.0,0
456,15.71860,4.03393,0.0,0
405,15.71910,3.30775,1.0,4
406,15.71910,3.30775,1.0,4
407,15.71910,3.30775,1.0,4
408,15.71910,3.30775,1.0,4
409,15.71910,3.30775,1.0,4
425,15.72150,3.68760,1.0,2
426,15.72150,3.68760,1.0,2
427,15.72150,3.68760,1.0,2
417,15.72440,3.11586,1.0,2
418,15.72440,3.11586,1.0,2
419,15.72440,3.11586,1.0,2
415,15.73810,3.16937,0.0,0
431,15.74030,3.79029,0.0,0
415,15.75200,3.08515,0.0,0
415,15.79000,3.06627,1.0,2
416,15.79000,3.06627,1.0,2
417,15.79000,3.06627,1.0,2
464,15.79050,3.37490,0.0,0
415,15.79860,3.05938,1.0,4
416,15.79860,3.05938,1.0,4
417,15.79860,3.05938,1.0,4
418,15.79860,3.05938,1.0,4
419,15.79860,3.05938,1.0,4
418,15.80230,3.06770,1.0,1
419,15.80230,3.06770,1.0,1
466,15.80270,3.32571,0.0,0
426,15.80530,3.58911,1.0,1
427,15.80530,3.58911,1.0,1
456,15.81480,3.85520,0.0,0
431,15.81640,3.70210,0.0,0
413,15.82300,3.10519,0.0,0
432,15.82320,3.68608,0.0,0
414,15.84070,3.06154,0.0,0
464,15.85550,3.34777,0.0,0
437,15.85750,3.71914,0.0,0
431,15.86000,3.66059,0.0,0
460,15.86470,3.43015,0.0,0
440,15.87880,3.76453,0.0,0
416,15.89010,3.01878,1.0,3
417,15.89010,3.01878,1.0,3
418,15.89010,3.01878,1.0,3
419,15.89010,3.01878,1.0,3
426,15.89290,3.47803,1.0,1
427,15.89290,3.47803,1.0,1
433,15.89830,3.61273,0.0,0
462,15.90310,3.31655,0.0,0
432,15.90450,3.59805,0.0,0
426,15.90980,3.49329,0.0,0
432,15.91310,3.56847,0.0,0
463,15.91580,3.35372,0.0,0
431,15.91670,3.57169,0.0,0
443,15.91990,3.62214,0.0,0
424,15.92300,3.42947,1.0,1
425,15.92300,3.42947,1.0,1
433,15.96760,3.30339,0.0,0
418,15.97140,3.00668,1.0,1
419,15.97140,3.00668,1.0,1
423,15.97620,3.31923,0.0,0
430,15.98520,3.49117,0.0,0
415,15.99500,2.99497,1.0,3
416,15.99500,2.99497,1.0,3
417,15.99500,2.99497,1.0,3
418,15.99500,2.99497,1.0,3
415,16.00700,2.99715,1.0,4
416,16.00700,2.99715,1.0,4
417,16.00700,2.99715,1.0,4
418,16.00700,2.99715,1.0,4
419,16.00700,2.99715,1.0,4
438,16.01760,3.52678,0.0,0
424,16.02120,3.20383,1.0,2
425,16.02120,3.20383,1.0,2
426,16.02120,3.20383,1.0,2
425,16.02310,3.16450,1.0,1
426,16.02310,3.16450,1.0,1
427,16.03200,3.26648,0.0,0
426,16.04120,3.20708,1.0,1
427,16.04120,3.20708,1.0,1
425,16.04540,3.13131,1.0,2
426,16.04540,3.13131,1.0,2
427,16.04540,3.13131,1.0,2
423,16.04980,3.21347,0.0,0
454,16.06110,3.45422,0.0,0
425,16.06360,3.01969,1.0,2
426,16.06360,3.01969,1.0,2
427,16.06360,3.01969,1.0,2
437,16.06890,3.34551,0.0,0
428,16.07220,3.24612,0.0,0
498,16.08020,1.56197,0.0,0
499,16.08110,1.75145,0.0,0
498,16.08210,1.69788,0.0,0
474,16.08230,3.41741,0.0,0
425,16.08640,2.96781,1.0,2
426,16.08640,2.96781,1.0,2
427,16.08640,2.96781,1.0,2
500,16.09050,1.61599,0.0,0
497,16.09220,1.60277,0.0,0
425,16.11200,2.96528,0.0,0
435,16.12780,3.18959,0.0,0
423,16.13370,2.88129,0.0,0
473,16.14140,3.30917,0.0,0
498,16.14260,1.50033,0.0,0
425,16.15770,2.75427,1.0,2
426,16.15770,2.75427,1.0,2
427,16.15770,2.75427,1.0,2
425,16.17540,2.79546,0.0,0
491,16.17800,1.54766,0.0,0
470,16.17910,3.24575,1.0,1
471,16.17910,3.24575,1.0,1
425,16.17980,2.71951,1.0,1
426,16.17980,2.71951,1.0,1
492,16.19230,1.88821,0.0,0
490,16.19870,1.57824,0.0,0
498,16.20820,1.38299,0.0,0
466,16.21020,3.13430,0.0,0
495,16.21370,1.38170,0.0,0
478,16.21430,3.34215,0.0,0
479,16.22520,1.65828,0.0,0
490,16.23280,1.48754,0.0,0
478,16.23320,3.29466,0.0,0
438,16.24310,2.95927,0.0,0
472,16.24510,3.18561,0.0,0
440,16.24620,2.99508,0.0,0
484,16.24820,1.22711,0.0,0
477,16.25550,1.59660,0.0,0
435,16.25810,2.90300,0.0,0
486,16.25940,1.89626,0.0,0
460,16.26050,3.03314,0.0,0
480,16.26200,1.40531,0.0,0
481,16.26330,1.30683,0.0,0
500,16.26880,2.14489,0.0,0
481,16.26950,1.45047,0.0,0
485,16.27330,1.43706,0.0,0
485,16.27420,1.79384,0.0,0
484,16.27630,1.87667,0.0,0
471,16.27700,3.19081,0.0,0
475,16.27810,1.98520,0.0,0
474,16.28490,1.88069,0.0,0
473,16.28520,3.08355,0.0,0
471,16.28550,3.13915,0.0,0
473,16.28830,1.86479,0.0,0
485,16.29500,1.40429,0.0,0
472,16.30010,1.94162,0.0,0
433,16.30210,2.74121,0.0,0
439,16.30420,2.85309,0.0,0
472,16.31220,2.08447,0.0,0
480,16.31240,1.28633,1.0,1
481,16.31240,1.28633,1.0,1
473,16.31580,2.05853,0.0,0
451,16.31780,2.88453,0.0,0
472,16.32630,2.32273,0.0,0
439,16.32690,2.81710,0.0,0
483,16.32790,1.18099,0.0,0
477,16.32840,1.39562,0.0,0
457,16.32880,2.96997,0.0,0
481,16.33130,1.23589,1.0,1
482,16.33130,1.23589,1.0,1
480,16.33950,2.75104,0.0,0
466,16.34430,3.02621,0.0,0
472,16.34450,2.40091,0.0,0
459,16.34760,1.97932,0.0,0
460,16.35150,1.69798,0.0,0
474,16.35170,2.25807,0.0,0
477,16.35550,1.38658,0.0,0
463,16.35700,1.75298,0.0,0
433,16.35780,2.52504,0.0,0
458,16.35870,1.94646,0.0,0
478,16.36230,2.74242,0.0,0
471,16.36450,1.44562,0.0,0
431,16.36460,2.54433,0.0,0
464,16.37650,1.86437,0.0,0
469,16.37780,3.06580,0.0,0
478,16.37930,2.32513,0.0,0
477,16.38250,2.38892,0.0,0
437,16.38290,2.60802,0.0,0
439,16.38630,2.59490,0.0,0
450,16.38870,2.86741,0.0,0
489,16.38870,1.14493,0.0,0
457,16.39480,1.82298,0.0,0
491,16.39610,1.09072,0.0,0
461,16.39720,2.94333,0.0,0
455,16.39940,2.91197,0.0,0
474,16.39950,2.67664,0.0,0
473,16.40150,1.42115,0.0,0
482,16.40710,1.15335,0.0,0
487,16.41000,1.10665,0.0,0
437,16.41490,2.33248,0.0,0
453,16.42220,2.22225,0.0,0
455,16.42620,2.07269,0.0,0
456,16.42850,2.04157,0.0,0
463,16.43140,2.32814,0.0,0
435,16.43330,2.37894,0.0,0
482,16.43350,1.13176,0.0,0
459,16.43610,2.83923,0.0,0
458,16.43700,1.65334,0.0,0
468,16.43750,1.33458,0.0,0
443,16.43840,2.36749,0.0,0
447,16.43900,2.74320,0.0,0
490,16.44080,1.05577,0.0,0
461,16.44500,2.89252,0.0,0
459,16.44640,1.57915,0.0,0
458,16.45490,1.58642,1.0,1
459,16.45490,1.58642,1.0,1
463,16.45640,2.49903,0.0,0
470,16.45680,2.58198,0.0,0
439,16.45800,2.44664,0.0,0
458,16.45800,1.42095,0.0,0
462,16.45950,1.35320,0.0,0
450,16.46340,2.79446,0.0,0
458,16.46640,2.83379,0.0,0
452,16.46920,1.94294,0.0,0
479,16.47010,1.14100,1.0,2
480,16.47010,1.14100,1.0,2
481,16.47010,1.14100,1.0,2
463,16.47120,2.53994,0.0,0
448,16.47140,2.05250,1.0,1
449,16.47140,2.05250,1.0,1
459,16.47580,1.44209,1.0,1
460,16.47580,1.44209,1.0,1
487,16.47590,1.02015,0.0,0
445,16.47960,2.25110,0.0,0
453,16.48240,2.80313,0.0,0
499,16.48900,0.87165,0.0,0
448,16.49230,2.67344,0.0,0
448,16.49250,2.00595,1.0,1
449,16.49250,2.00595,1.0,1
445,16.49370,2.04050,1.0,1
446,16.49370,2.04050,1.0,1
459,16.49570,2.55476,0.0,0
448,16.49990,2.33515,0.0,0
449,16.50100,2.68619,0.0,0
471,16.50120,1.28624,0.0,0
449,16.50580,2.67446,0.0,0
447,16.50620,2.38817,0.0,0
446,16.50760,2.00462,0.0,0
442,16.51170,2.27679,0.0,0
446,16.51390,2.60042,0.0,0
448,16.51440,2.61804,1.0,1
449,16.51440,2.61804,1.0,1
454,16.51580,2.63369,0.0,0
464,16.51700,1.33247,0.0,0
448,16.52330,2.34112,0.0,0
449,16.52930,2.41008,0.0,0
447,16.53060,2.55769,0.0,0
488,16.54000,0.95141,0.0,0
490,16.54190,0.98321,0.0,0
447,16.54310,2.46966,1.0,1
448,16.54310,2.46966,1.0,1
497,16.54410,2.31684,0.0,0
449,16.54980,2.58960,1.0,1
450,16.54980,2.58960,1.0,1
499,16.55880,0.81976,0.0,0
500,16.56850,0.80847,0.0,0
448,16.57120,1.79185,1.0,2
449,16.57120,1.79185,1.0,2
450,16.57120,1.79185,1.0,2
450,16.57210,1.77494,0.0,0
451,16.57930,1.80691,0.0,0
498,16.58740,0.81759,0.0,0
500,16.58820,0.78951,0.0,0
488,16.58930,2.91572,0.0,0
490,16.58990,0.96806,0.0,0
478,16.60510,1.09556,1.0,3
479,16.60510,1.09556,1.0,3
480,16.60510,1.09556,1.0,3
481,16.60510,1.09556,1.0,3
466,16.60540,1.16025,0.0,0
468,16.62870,1.04801,0.0,0
473,16.64390,1.03252,0.0,0
495,16.66410,0.80058,0.0,0
498,16.68910,0.73646,0.0,0
473,16.69430,0.96437,0.0,0
471,16.70610,0.86549,0.0,0
470,16.70790,0.90454,0.0,0
481,16.71060,0.98382,1.0,2
482,16.71060,0.98382,1.0,2
483,16.71060,0.98382,1.0,2
479,16.71670,0.86413,1.0,2
480,16.71670,0.86413,1.0,2
481,16.71670,0.86413,1.0,2
492,16.72560,0.79803,0.0,0
477,16.74230,0.83241,1.0,4
478,16.74230,0.83241,1.0,4
479,16.74230,0.83241,1.0,4
480,16.74230,0.83241,1.0,4
481,16.74230,0.83241,1.0,4
481,16.74700,0.83419,1.0,2
482,16.74700,0.83419,1.0,2
483,16.74700,0.83419,1.0,2
477,16.75360,0.83433,1.0,4
478,16.75360,0.83433,1.0,4
479,16.75360,0.83433,1.0,4
480,16.75360,0.83433,1.0,4
481,16.75360,0.83433,1.0,4
476,16.77490,0.85736,0.0,0
485,16.78420,0.98152,0.0,0
474,16.81740,0.86707,0.0,0
489,16.83340,0.75256,0.0,0
485,16.83900,0.87485,0.0,0
497,16.84460,0.57482,0.0,0
474,16.87060,0.82050,0.0,0
477,16.88080,0.79488,1.0,4
478,16.88080,0.79488,1.0,4
479,16.88080,0.79488,1.0,4
480,16.88080,0.79488,1.0,4
481,16.88080,0.79488,1.0,4
489,16.88470,0.75671,0.0,0
475,16.89040,0.79082,0.0,0
476,16.90240,0.76834,1.0,3
477,16.90240,0.76834,1.0,3
478,16.90240,0.76834,1.0,3
479,16.90240,0.76834,1.0,3
499,16.90360,0.51157,0.0,0
476,16.90950,0.76757,1.0,3
477,16.90950,0.76757,1.0,3
478,16.90950,0.76757,1.0,3
479,16.90950,0.76757,1.0,3
496,17.07570,0.54119,1.0,1
497,17.07570,0.54119,1.0,1
495,17.12330,0.54250,0.0,0
496,17.16420,0.52279,1.0,1
497,17.16420,0.52279,1.0,1
492,17.16730,0.59430,0.0,0
489,17.23300,0.64688,0.0,0
492,17.24780,0.55402,0.0,0
497,17.26720,0.47536,1.0,2
498,17.26720,0.47536,1.0,2
499,17.26720,0.47536,1.0,2
492,17.27050,0.56183,0.0,0
496,17.30080,0.47293,0.0,0
488,17.30470,0.62425,1.0,1
489,17.30470,0.62425,1.0,1
493,17.32050,0.56369,0.0,0
496,17.36970,0.46073,1.0,2
497,17.36970,0.46073,1.0,2
498,17.36970,0.46073,1.0,2
495,17.40430,0.45834,1.0,1
496,17.40430,0.45834,1.0,1
499,17.41340,0.42670,0.0,0
497,17.45800,0.43897,1.0,1
498,17.45800,0.43897,1.0,1
496,17.50040,0.42042,1.0,2
497,17.50040,0.42042,1.0,2
498,17.50040,0.42042,1.0,2
497,17.50990,0.40799,1.0,2
498,17.50990,0.40799,1.0,2
499,17.50990,0.40799,1.0,2
496,17.55440,0.42922,1.0,1
497,17.55440,0.42922,1.0,1
499,17.55900,0.38960,0.0,0
88,,,0.0,0
90,,,0.0,0
98,,,0.0,0
103,,,0.0,0
145,,,0.0,0
152,,,0.0,0
174,,,0.0,0
201,,,0.0,0
204,,,0.0,0
210,,,0.0,0
252,,,0.0,0
269,,,0.0,0
284,,,0.0,0
285,,,0.0,0
302,,,0.0,0
357,,,0.0,0
436,,,0.0,0
444,,,0.0,0
465,,,0.0,0
467,,,0.0,0
494,,,0.0,0
